Order ID,Order Date,Brand,Model,Category,Storage,RAM,Customer Gender,Customer Age,City,Region,Quantity,Unit Price,Discount (%),Sales,Cost,Profit,Payment Method,Rating
ORD10001,2025-11-24,Apple,iPhone 15,Flagship,128GB,6GB,Other,24,Bengaluru,South,1,69900,5,66405.0,51000,15405.0,UPI,4.4
ORD10002,2025-10-30,Realme,Realme GT 6,Flagship,256GB,12GB,Other,50,Mumbai,West,1,40999,5,38949.05,30000,8949.05,Credit Card,4.3
ORD10003,2025-11-29,Realme,Realme GT 6,Flagship,256GB,12GB,Male,18,Patna,East,2,40999,20,65598.4,60000,5598.4,Cash,4.6
ORD10004,2025-06-24,Vivo,Vivo V30,Mid Range,256GB,8GB,Male,24,Lucknow,North,4,33999,5,129196.2,98000,31196.2,Debit Card,3.4
ORD10005,2025-06-26,Vivo,Vivo V30,Mid Range,256GB,8GB,Other,23,Patna,East,2,33999,10,61198.2,49000,12198.2,Net Banking,4.2
ORD10006,2025-07-05,Xiaomi,Redmi 13C,Budget,128GB,6GB,Male,36,Ahmedabad,West,1,11999,5,11399.05,8500,2899.05,UPI,5.0
ORD10007,2025-07-14,Vivo,Vivo V40,Mid Range,256GB,8GB,Other,31,Kochi,South,1,34999,5,33249.05,25000,8249.05,UPI,4.4
ORD10008,2025-11-08,OnePlus,OnePlus Nord CE 4,Budget,128GB,8GB,Other,35,Chandigarh,North,1,24999,10,22499.1,18000,4499.1,Net Banking,5.0
ORD10009,2025-04-23,Oppo,Oppo Reno 11,Mid Range,256GB,8GB,Male,38,Chandigarh,North,3,32999,20,79197.6,72000,7197.6,Credit Card,3.9
ORD10010,2025-10-18,Oppo,Oppo Reno 11,Mid Range,256GB,8GB,Male,47,Guwahati,East,1,32999,15,28049.15,24000,4049.15,Credit Card,3.5
ORD10011,2025-10-15,Vivo,Vivo Y200,Budget,128GB,8GB,Male,41,Bhubaneswar,East,4,21999,10,79196.4,62000,17196.4,Net Banking,3.6
ORD10012,2025-09-10,Apple,iPhone 15,Flagship,128GB,6GB,Female,45,Surat,West,1,69900,5,66405.0,51000,15405.0,Cash,4.3
ORD10013,2025-11-02,Motorola,Moto G85,Budget,128GB,8GB,Other,52,Mumbai,West,2,17999,0,35998.0,25000,10998.0,Debit Card,4.6
ORD10014,2025-02-27,Vivo,Vivo V40,Mid Range,256GB,8GB,Male,34,Jaipur,North,2,34999,15,59498.3,50000,9498.3,Net Banking,4.9
ORD10015,2025-02-24,Vivo,Vivo Y200,Budget,128GB,8GB,Other,28,Lucknow,North,1,21999,20,17599.2,15500,2099.2,UPI,4.2
ORD10016,2025-11-03,Oppo,Oppo F25 Pro,Mid Range,128GB,8GB,Male,37,Mumbai,West,1,25999,5,24699.05,18500,6199.05,Net Banking,3.6
ORD10017,2025-02-10,Apple,iPhone 14,Flagship,128GB,6GB,Male,52,Guwahati,East,3,59900,20,143760.0,132000,11760.0,Cash,4.6
ORD10018,2025-10-09,OnePlus,OnePlus 12R,Mid Range,256GB,8GB,Female,30,Bhubaneswar,East,5,42999,10,193495.5,157500,35995.5,Debit Card,4.5
ORD10019,2025-08-13,Motorola,Motorola Edge 50,Mid Range,256GB,8GB,Male,19,Chandigarh,North,1,27999,5,26599.05,20000,6599.05,Net Banking,4.3
ORD10020,2025-04-23,Samsung,Galaxy S24,Flagship,256GB,8GB,Male,39,Pune,West,1,69999,0,69999.0,52000,17999.0,Debit Card,3.3
ORD10021,2025-12-09,Motorola,Motorola Edge 50,Mid Range,256GB,8GB,Female,54,Delhi,North,3,27999,10,75597.3,60000,15597.3,Cash,4.1
ORD10022,2025-04-08,Apple,iPhone 15,Flagship,128GB,6GB,Male,47,Bhubaneswar,East,1,69900,10,62910.0,51000,11910.0,UPI,4.8
ORD10023,2025-02-01,Realme,Realme Narzo 70,Budget,128GB,8GB,Other,33,Hyderabad,South,3,15999,0,47997.0,33000,14997.0,Cash,3.5
ORD10024,2025-03-13,Realme,Realme GT 6,Flagship,256GB,12GB,Other,22,Bengaluru,South,2,40999,20,65598.4,60000,5598.4,UPI,4.0
ORD10025,2025-01-26,Samsung,Galaxy S24,Flagship,256GB,8GB,Female,48,Chandigarh,North,1,69999,10,62999.1,52000,10999.1,UPI,3.6
ORD10026,2025-03-26,Realme,Realme GT 6,Flagship,256GB,12GB,Other,47,Kolkata,East,1,40999,20,32799.2,30000,2799.2,Net Banking,3.7
ORD10027,2025-12-05,Motorola,Motorola Edge 50,Mid Range,256GB,8GB,Male,55,Lucknow,North,1,27999,0,27999.0,20000,7999.0,Debit Card,4.5
ORD10028,2025-01-30,Samsung,Galaxy M35,Budget,128GB,6GB,Male,23,Jaipur,North,1,19999,10,17999.1,14500,3499.1,Net Banking,4.7
ORD10029,2025-02-04,Xiaomi,Redmi Note 13 Pro,Mid Range,256GB,8GB,Male,33,Surat,West,4,29999,10,107996.4,86000,21996.4,Net Banking,4.2
ORD10030,2025-02-11,Realme,Realme Narzo 70,Budget,128GB,8GB,Male,60,Hyderabad,South,4,15999,5,60796.2,44000,16796.2,Debit Card,4.5
ORD10031,2025-07-22,OnePlus,OnePlus Nord CE 4,Budget,128GB,8GB,Other,22,Chennai,South,2,24999,20,39998.4,36000,3998.4,Net Banking,3.2
ORD10032,2025-02-21,Apple,iPhone 14,Flagship,128GB,6GB,Male,40,Lucknow,North,2,59900,5,113810.0,88000,25810.0,Debit Card,4.8
ORD10033,2025-05-26,OnePlus,OnePlus 12R,Mid Range,256GB,8GB,Other,59,Chennai,South,2,42999,20,68798.4,63000,5798.4,Net Banking,4.2
ORD10034,2025-06-03,Apple,iPhone 15,Flagship,128GB,6GB,Female,53,Bengaluru,South,1,69900,0,69900.0,51000,18900.0,Net Banking,3.5
ORD10035,2025-04-18,Oppo,Oppo Reno 11,Mid Range,256GB,8GB,Female,21,Bengaluru,South,2,32999,5,62698.1,48000,14698.1,Debit Card,3.4
ORD10036,2025-01-23,Samsung,Galaxy A35,Mid Range,128GB,8GB,Other,28,Delhi,North,2,34999,5,66498.1,52000,14498.1,Cash,4.5
ORD10037,2025-10-15,Samsung,Galaxy S24,Flagship,256GB,8GB,Female,27,Ahmedabad,West,4,69999,15,237996.6,208000,29996.6,Net Banking,4.2
ORD10038,2025-10-10,OnePlus,OnePlus 12R,Mid Range,256GB,8GB,Male,20,Delhi,North,1,42999,5,40849.05,31500,9349.05,Credit Card,4.8
ORD10039,2025-12-08,Apple,iPhone 15 Pro,Premium,256GB,8GB,Male,27,Bhubaneswar,East,5,119900,15,509575.0,445000,64575.0,Credit Card,4.9
ORD10040,2025-04-01,Realme,Realme GT 6,Flagship,256GB,12GB,Other,44,Jaipur,North,3,40999,5,116847.15,90000,26847.15,Credit Card,4.6
ORD10041,2025-05-17,OnePlus,OnePlus Nord CE 4,Budget,128GB,8GB,Female,48,Surat,West,1,24999,0,24999.0,18000,6999.0,Debit Card,3.6
ORD10042,2025-06-06,Xiaomi,Xiaomi 14,Flagship,512GB,12GB,Male,39,Mumbai,West,2,69999,10,125998.2,102000,23998.2,Debit Card,3.7
ORD10043,2025-06-29,Realme,Realme Narzo 70,Budget,128GB,8GB,Female,34,Hyderabad,South,4,15999,0,63996.0,44000,19996.0,UPI,3.5
ORD10044,2025-02-25,Realme,Realme 12 Pro,Mid Range,256GB,8GB,Other,25,Hyderabad,South,2,29999,10,53998.2,43000,10998.2,Credit Card,3.9
ORD10045,2025-05-11,Samsung,Galaxy M35,Budget,128GB,6GB,Other,52,Mumbai,West,2,19999,20,31998.4,29000,2998.4,Credit Card,4.4
ORD10046,2025-07-06,Realme,Realme GT 6,Flagship,256GB,12GB,Female,25,Hyderabad,South,2,40999,15,69698.3,60000,9698.3,Net Banking,4.5
ORD10047,2025-06-08,Realme,Realme 12 Pro,Mid Range,256GB,8GB,Other,26,Kolkata,East,2,29999,10,53998.2,43000,10998.2,Cash,3.5
ORD10048,2025-12-13,OnePlus,OnePlus Nord CE 4,Budget,128GB,8GB,Male,18,Chennai,South,1,24999,20,19999.2,18000,1999.2,Cash,3.7
ORD10049,2025-10-24,Oppo,Oppo F25 Pro,Mid Range,128GB,8GB,Other,50,Patna,East,2,25999,5,49398.1,37000,12398.1,Credit Card,4.1
ORD10050,2025-12-04,Apple,iPhone 15 Pro,Premium,256GB,8GB,Male,33,Hyderabad,South,1,119900,20,95920.0,89000,6920.0,Credit Card,4.4
ORD10051,2025-03-17,Samsung,Galaxy S24,Flagship,256GB,8GB,Other,22,Chandigarh,North,5,69999,10,314995.5,260000,54995.5,Net Banking,4.0
ORD10052,2025-04-10,Realme,Realme 12 Pro,Mid Range,256GB,8GB,Male,18,Kolkata,East,1,29999,15,25499.15,21500,3999.15,Cash,4.8
ORD10053,2025-04-23,OnePlus,OnePlus Nord CE 4,Budget,128GB,8GB,Female,25,Patna,East,1,24999,5,23749.05,18000,5749.05,Net Banking,4.0
ORD10054,2025-10-14,Oppo,Oppo F25 Pro,Mid Range,128GB,8GB,Other,46,Bhubaneswar,East,3,25999,10,70197.3,55500,14697.3,Cash,4.8
ORD10055,2025-08-19,Vivo,Vivo V30,Mid Range,256GB,8GB,Female,49,Bengaluru,South,3,33999,10,91797.3,73500,18297.3,Cash,4.3
ORD10056,2025-02-09,Vivo,Vivo V30,Mid Range,256GB,8GB,Male,23,Bengaluru,South,1,33999,10,30599.1,24500,6099.1,Cash,3.4
ORD10057,2025-12-22,OnePlus,OnePlus Nord CE 4,Budget,128GB,8GB,Female,39,Lucknow,North,1,24999,10,22499.1,18000,4499.1,UPI,4.2
ORD10058,2025-04-16,Realme,Realme 12 Pro,Mid Range,256GB,8GB,Male,54,Mumbai,West,3,29999,20,71997.6,64500,7497.6,Debit Card,3.9
ORD10059,2025-06-02,Realme,Realme 12 Pro,Mid Range,256GB,8GB,Female,45,Chandigarh,North,2,29999,5,56998.1,43000,13998.1,Debit Card,4.1
ORD10060,2025-12-09,Realme,Realme Narzo 70,Budget,128GB,8GB,Female,57,Jaipur,North,3,15999,5,45597.15,33000,12597.15,Net Banking,4.2
ORD10061,2025-10-16,Samsung,Galaxy S24,Flagship,256GB,8GB,Female,29,Bhubaneswar,East,1,69999,10,62999.1,52000,10999.1,Debit Card,3.3
ORD10062,2025-04-19,Motorola,Moto G85,Budget,128GB,8GB,Female,35,Hyderabad,South,3,17999,10,48597.3,37500,11097.3,Debit Card,4.6
ORD10063,2025-02-11,Motorola,Motorola Edge 50,Mid Range,256GB,8GB,Other,32,Pune,West,5,27999,5,132995.25,100000,32995.25,UPI,4.4
ORD10064,2025-01-16,Xiaomi,Xiaomi 14,Flagship,512GB,12GB,Male,26,Mumbai,West,2,69999,5,132998.1,102000,30998.1,Net Banking,4.1
ORD10065,2025-04-22,Motorola,Moto G85,Budget,128GB,8GB,Male,25,Kochi,South,1,17999,10,16199.1,12500,3699.1,Debit Card,4.6
ORD10066,2025-02-25,Samsung,Galaxy A35,Mid Range,128GB,8GB,Other,30,Kolkata,East,1,34999,15,29749.15,26000,3749.15,Credit Card,3.3
ORD10067,2025-02-22,Vivo,Vivo Y200,Budget,128GB,8GB,Female,20,Surat,West,3,21999,10,59397.3,46500,12897.3,Debit Card,3.8
ORD10068,2025-02-05,Oppo,Oppo Reno 11,Mid Range,256GB,8GB,Other,45,Bhubaneswar,East,3,32999,0,98997.0,72000,26997.0,Cash,4.9
ORD10069,2025-12-29,OnePlus,OnePlus 12R,Mid Range,256GB,8GB,Other,35,Jaipur,North,3,42999,15,109647.45,94500,15147.45,Cash,4.3
ORD10070,2025-08-27,Realme,Realme Narzo 70,Budget,128GB,8GB,Female,23,Bengaluru,South,1,15999,5,15199.05,11000,4199.05,Credit Card,3.7
ORD10071,2025-08-26,Realme,Realme 12 Pro,Mid Range,256GB,8GB,Female,29,Mumbai,West,2,29999,5,56998.1,43000,13998.1,Debit Card,4.1
ORD10072,2025-06-24,Vivo,Vivo Y200,Budget,128GB,8GB,Other,30,Bengaluru,South,2,21999,10,39598.2,31000,8598.2,Cash,3.4
ORD10073,2025-09-08,Xiaomi,Redmi 13C,Budget,128GB,6GB,Male,46,Guwahati,East,2,11999,10,21598.2,17000,4598.2,Debit Card,4.6
ORD10074,2025-04-24,Realme,Realme Narzo 70,Budget,128GB,8GB,Other,41,Chandigarh,North,1,15999,10,14399.1,11000,3399.1,Debit Card,4.1
ORD10075,2025-08-06,Oppo,Oppo F25 Pro,Mid Range,128GB,8GB,Male,32,Patna,East,1,25999,5,24699.05,18500,6199.05,Debit Card,3.4
ORD10076,2025-03-03,OnePlus,OnePlus 12,Flagship,256GB,12GB,Other,55,Lucknow,North,3,64999,5,185247.15,144000,41247.15,Net Banking,5.0
ORD10077,2025-05-25,Apple,iPhone 15,Flagship,128GB,6GB,Other,37,Chennai,South,1,69900,5,66405.0,51000,15405.0,Credit Card,3.2
ORD10078,2025-05-21,Samsung,Galaxy S24,Flagship,256GB,8GB,Female,58,Chennai,South,2,69999,5,132998.1,104000,28998.1,UPI,4.8
ORD10079,2025-01-07,Vivo,Vivo V40,Mid Range,256GB,8GB,Female,21,Guwahati,East,2,34999,5,66498.1,50000,16498.1,UPI,3.7
ORD10080,2025-02-03,Realme,Realme 12 Pro,Mid Range,256GB,8GB,Other,21,Ahmedabad,West,2,29999,15,50998.3,43000,7998.3,Debit Card,3.5
ORD10081,2025-02-13,Xiaomi,Xiaomi 14,Flagship,512GB,12GB,Other,57,Bhubaneswar,East,2,69999,20,111998.4,102000,9998.4,Cash,3.6
ORD10082,2025-08-19,Motorola,Moto G85,Budget,128GB,8GB,Other,21,Bhubaneswar,East,1,17999,10,16199.1,12500,3699.1,UPI,4.3
ORD10083,2025-04-17,Xiaomi,Redmi Note 13 Pro,Mid Range,256GB,8GB,Male,53,Ahmedabad,West,1,29999,5,28499.05,21500,6999.05,Cash,3.3
ORD10084,2025-08-19,Motorola,Moto G85,Budget,128GB,8GB,Female,36,Pune,West,1,17999,15,15299.15,12500,2799.15,UPI,4.5
ORD10085,2025-12-18,Xiaomi,Redmi Note 13 Pro,Mid Range,256GB,8GB,Female,32,Lucknow,North,2,29999,10,53998.2,43000,10998.2,Credit Card,4.4
ORD10086,2025-02-06,Samsung,Galaxy A55,Mid Range,128GB,8GB,Female,54,Chennai,South,2,44999,20,71998.4,66000,5998.4,UPI,4.9
ORD10087,2025-08-28,Vivo,Vivo Y200,Budget,128GB,8GB,Male,52,Kolkata,East,4,21999,10,79196.4,62000,17196.4,Net Banking,4.1
ORD10088,2025-01-21,Realme,Realme Narzo 70,Budget,128GB,8GB,Other,23,Hyderabad,South,2,15999,0,31998.0,22000,9998.0,Net Banking,3.6
ORD10089,2025-10-28,Samsung,Galaxy A35,Mid Range,128GB,8GB,Female,48,Pune,West,3,34999,5,99747.15,78000,21747.15,Debit Card,4.1
ORD10090,2025-04-03,Realme,Realme Narzo 70,Budget,128GB,8GB,Female,40,Guwahati,East,5,15999,10,71995.5,55000,16995.5,UPI,3.9
ORD10091,2025-03-24,Oppo,Oppo F25 Pro,Mid Range,128GB,8GB,Male,53,Guwahati,East,1,25999,10,23399.1,18500,4899.1,Debit Card,3.3
ORD10092,2025-05-10,Oppo,Oppo Reno 11,Mid Range,256GB,8GB,Other,18,Kolkata,East,3,32999,20,79197.6,72000,7197.6,Cash,4.4
ORD10093,2025-07-31,Samsung,Galaxy A55,Mid Range,128GB,8GB,Male,58,Kochi,South,2,44999,10,80998.2,66000,14998.2,Credit Card,4.0
ORD10094,2025-05-17,OnePlus,OnePlus 12R,Mid Range,256GB,8GB,Other,25,Patna,East,4,42999,10,154796.4,126000,28796.4,Net Banking,3.3
ORD10095,2025-05-03,OnePlus,OnePlus 12R,Mid Range,256GB,8GB,Male,32,Mumbai,West,2,42999,0,85998.0,63000,22998.0,Cash,5.0
ORD10096,2025-03-02,OnePlus,OnePlus 12R,Mid Range,256GB,8GB,Female,44,Chennai,South,2,42999,5,81698.1,63000,18698.1,Credit Card,4.7
ORD10097,2025-08-22,OnePlus,OnePlus 12R,Mid Range,256GB,8GB,Female,26,Lucknow,North,4,42999,10,154796.4,126000,28796.4,Cash,4.8
ORD10098,2025-06-24,Vivo,Vivo V30,Mid Range,256GB,8GB,Other,55,Chennai,South,3,33999,20,81597.6,73500,8097.6,Cash,4.2
ORD10099,2025-03-18,Motorola,Moto G85,Budget,128GB,8GB,Female,52,Kochi,South,1,17999,20,14399.2,12500,1899.2,Credit Card,3.9
ORD10100,2025-12-24,Xiaomi,Redmi 13C,Budget,128GB,6GB,Other,44,Kolkata,East,1,11999,20,9599.2,8500,1099.2,Cash,3.3
ORD10101,2025-12-28,Realme,Realme 12 Pro,Mid Range,256GB,8GB,Other,26,Delhi,North,2,29999,0,59998.0,43000,16998.0,Debit Card,4.1
ORD10102,2025-02-21,Motorola,Motorola Edge 50,Mid Range,256GB,8GB,Male,44,Patna,East,1,27999,5,26599.05,20000,6599.05,UPI,4.8
ORD10103,2025-08-29,Vivo,Vivo V40,Mid Range,256GB,8GB,Other,39,Kolkata,East,2,34999,20,55998.4,50000,5998.4,Cash,4.7
ORD10104,2025-06-12,Motorola,Motorola Edge 50,Mid Range,256GB,8GB,Other,36,Ahmedabad,West,1,27999,15,23799.15,20000,3799.15,UPI,5.0
ORD10105,2025-08-11,Apple,iPhone 14,Flagship,128GB,6GB,Male,37,Surat,West,2,59900,15,101830.0,88000,13830.0,Debit Card,4.8
ORD10106,2025-01-29,Vivo,Vivo V40,Mid Range,256GB,8GB,Other,51,Kochi,South,2,34999,5,66498.1,50000,16498.1,Credit Card,3.9
ORD10107,2025-03-29,OnePlus,OnePlus 12,Flagship,256GB,12GB,Male,49,Kolkata,East,2,64999,5,123498.1,96000,27498.1,Credit Card,4.8
ORD10108,2025-08-25,Vivo,Vivo V40,Mid Range,256GB,8GB,Other,47,Bengaluru,South,2,34999,20,55998.4,50000,5998.4,Net Banking,4.8
ORD10109,2025-03-22,Apple,iPhone 15 Pro,Premium,256GB,8GB,Other,58,Kochi,South,5,119900,5,569525.0,445000,124525.0,Debit Card,4.9
ORD10110,2025-08-22,Vivo,Vivo V30,Mid Range,256GB,8GB,Female,33,Kolkata,East,3,33999,0,101997.0,73500,28497.0,Net Banking,3.9
ORD10111,2025-06-01,Vivo,Vivo V30,Mid Range,256GB,8GB,Other,21,Kolkata,East,1,33999,10,30599.1,24500,6099.1,Cash,4.8
ORD10112,2025-05-27,Xiaomi,Redmi 13C,Budget,128GB,6GB,Other,57,Kochi,South,1,11999,5,11399.05,8500,2899.05,Credit Card,3.7
ORD10113,2025-11-18,Apple,iPhone 14,Flagship,128GB,6GB,Other,20,Pune,West,1,59900,10,53910.0,44000,9910.0,Credit Card,4.2
ORD10114,2025-02-16,Vivo,Vivo V40,Mid Range,256GB,8GB,Female,52,Bhubaneswar,East,1,34999,5,33249.05,25000,8249.05,Net Banking,4.8
ORD10115,2025-09-14,Vivo,Vivo V30,Mid Range,256GB,8GB,Female,36,Bengaluru,South,4,33999,10,122396.4,98000,24396.4,UPI,4.5
ORD10116,2025-08-28,Apple,iPhone 15,Flagship,128GB,6GB,Other,43,Chandigarh,North,3,69900,15,178245.0,153000,25245.0,Debit Card,4.9
ORD10117,2025-02-16,Realme,Realme GT 6,Flagship,256GB,12GB,Other,41,Bengaluru,South,2,40999,10,73798.2,60000,13798.2,Debit Card,4.4
ORD10118,2025-10-27,Realme,Realme Narzo 70,Budget,128GB,8GB,Other,48,Kochi,South,1,15999,5,15199.05,11000,4199.05,Debit Card,3.2
ORD10119,2025-11-09,Xiaomi,Redmi 13C,Budget,128GB,6GB,Male,37,Ahmedabad,West,2,11999,10,21598.2,17000,4598.2,Credit Card,4.4
ORD10120,2025-01-24,Samsung,Galaxy A35,Mid Range,128GB,8GB,Female,52,Guwahati,East,1,34999,5,33249.05,26000,7249.05,Debit Card,3.4
ORD10121,2025-12-10,Realme,Realme Narzo 70,Budget,128GB,8GB,Other,24,Delhi,North,4,15999,15,54396.6,44000,10396.6,Cash,4.7
ORD10122,2025-05-24,Samsung,Galaxy A35,Mid Range,128GB,8GB,Other,41,Lucknow,North,2,34999,5,66498.1,52000,14498.1,Debit Card,3.4
ORD10123,2025-10-06,Oppo,Oppo Reno 11,Mid Range,256GB,8GB,Male,47,Kolkata,East,1,32999,0,32999.0,24000,8999.0,Net Banking,3.4
ORD10124,2025-01-11,Samsung,Galaxy A35,Mid Range,128GB,8GB,Other,54,Chandigarh,North,5,34999,20,139996.0,130000,9996.0,Credit Card,3.6
ORD10125,2025-10-28,Xiaomi,Xiaomi 14,Flagship,512GB,12GB,Male,56,Hyderabad,South,3,69999,20,167997.6,153000,14997.6,Credit Card,3.2
ORD10126,2025-10-04,Vivo,Vivo V30,Mid Range,256GB,8GB,Male,26,Surat,West,2,33999,0,67998.0,49000,18998.0,Net Banking,3.2
ORD10127,2025-06-15,Samsung,Galaxy A55,Mid Range,128GB,8GB,Other,44,Bengaluru,South,1,44999,15,38249.15,33000,5249.15,UPI,4.1
ORD10128,2025-09-01,Motorola,Moto G85,Budget,128GB,8GB,Other,57,Surat,West,2,17999,5,34198.1,25000,9198.1,Net Banking,3.3
ORD10129,2025-06-04,Motorola,Motorola Edge 50,Mid Range,256GB,8GB,Male,43,Pune,West,5,27999,20,111996.0,100000,11996.0,Cash,4.0
ORD10130,2025-12-31,Motorola,Motorola Edge 50,Mid Range,256GB,8GB,Other,22,Ahmedabad,West,1,27999,5,26599.05,20000,6599.05,Net Banking,3.4
ORD10131,2025-10-08,Oppo,Oppo F25 Pro,Mid Range,128GB,8GB,Other,45,Chennai,South,2,25999,10,46798.2,37000,9798.2,UPI,3.4
ORD10132,2025-12-02,Xiaomi,Redmi Note 13 Pro,Mid Range,256GB,8GB,Female,39,Patna,East,4,29999,10,107996.4,86000,21996.4,Cash,4.7
ORD10133,2025-02-18,Oppo,Oppo F25 Pro,Mid Range,128GB,8GB,Female,27,Hyderabad,South,2,25999,5,49398.1,37000,12398.1,UPI,4.4
ORD10134,2025-02-16,Apple,iPhone 15,Flagship,128GB,6GB,Other,41,Bhubaneswar,East,1,69900,15,59415.0,51000,8415.0,UPI,4.7
ORD10135,2025-10-28,Oppo,Oppo A3x,Budget,128GB,6GB,Female,60,Surat,West,1,15999,20,12799.2,11500,1299.2,UPI,4.9
ORD10136,2025-05-28,Vivo,Vivo V40,Mid Range,256GB,8GB,Male,27,Surat,West,2,34999,5,66498.1,50000,16498.1,UPI,4.4
ORD10137,2025-06-29,Oppo,Oppo Reno 11,Mid Range,256GB,8GB,Other,45,Bengaluru,South,2,32999,20,52798.4,48000,4798.4,Net Banking,4.7
ORD10138,2025-12-12,Samsung,Galaxy A35,Mid Range,128GB,8GB,Female,37,Mumbai,West,1,34999,15,29749.15,26000,3749.15,UPI,4.9
ORD10139,2025-04-03,OnePlus,OnePlus Nord CE 4,Budget,128GB,8GB,Male,58,Kolkata,East,1,24999,15,21249.15,18000,3249.15,Net Banking,4.9
ORD10140,2025-04-21,Realme,Realme 12 Pro,Mid Range,256GB,8GB,Other,37,Patna,East,1,29999,5,28499.05,21500,6999.05,Net Banking,4.5
ORD10141,2025-02-13,Samsung,Galaxy A55,Mid Range,128GB,8GB,Other,23,Jaipur,North,3,44999,0,134997.0,99000,35997.0,Cash,3.7
ORD10142,2025-09-06,Motorola,Moto G85,Budget,128GB,8GB,Male,25,Bengaluru,South,1,17999,10,16199.1,12500,3699.1,Debit Card,3.8
ORD10143,2025-12-14,Motorola,Moto G85,Budget,128GB,8GB,Female,21,Pune,West,1,17999,10,16199.1,12500,3699.1,Credit Card,3.2
ORD10144,2025-03-12,Vivo,Vivo V40,Mid Range,256GB,8GB,Female,45,Hyderabad,South,1,34999,10,31499.1,25000,6499.1,Net Banking,3.5
ORD10145,2025-12-27,Xiaomi,Redmi 13C,Budget,128GB,6GB,Female,20,Kochi,South,1,11999,20,9599.2,8500,1099.2,UPI,4.0
ORD10146,2025-06-10,Realme,Realme Narzo 70,Budget,128GB,8GB,Male,36,Kolkata,East,2,15999,10,28798.2,22000,6798.2,Debit Card,3.4
ORD10147,2025-03-29,Motorola,Moto G85,Budget,128GB,8GB,Female,33,Ahmedabad,West,2,17999,0,35998.0,25000,10998.0,Net Banking,4.0
ORD10148,2025-02-10,Realme,Realme 12 Pro,Mid Range,256GB,8GB,Other,28,Hyderabad,South,1,29999,20,23999.2,21500,2499.2,UPI,3.3
ORD10149,2025-09-29,Xiaomi,Redmi Note 13 Pro,Mid Range,256GB,8GB,Male,59,Kochi,South,3,29999,20,71997.6,64500,7497.6,UPI,4.7
ORD10150,2025-03-16,Vivo,Vivo V30,Mid Range,256GB,8GB,Other,59,Jaipur,North,2,33999,20,54398.4,49000,5398.4,Cash,3.3
ORD10151,2025-08-26,Motorola,Moto G85,Budget,128GB,8GB,Female,48,Hyderabad,South,1,17999,0,17999.0,12500,5499.0,Debit Card,4.0
ORD10152,2025-10-30,Samsung,Galaxy A35,Mid Range,128GB,8GB,Female,20,Ahmedabad,West,1,34999,10,31499.1,26000,5499.1,UPI,3.3
ORD10153,2025-11-27,Apple,iPhone 14,Flagship,128GB,6GB,Other,20,Kolkata,East,2,59900,10,107820.0,88000,19820.0,Credit Card,4.0
ORD10154,2025-06-14,Motorola,Motorola Edge 50,Mid Range,256GB,8GB,Male,39,Pune,West,2,27999,20,44798.4,40000,4798.4,Net Banking,5.0
ORD10155,2025-11-27,OnePlus,OnePlus 12,Flagship,256GB,12GB,Male,51,Chandigarh,North,2,64999,10,116998.2,96000,20998.2,Debit Card,4.1
ORD10156,2025-07-10,Vivo,Vivo V40,Mid Range,256GB,8GB,Other,56,Bhubaneswar,East,3,34999,15,89247.45,75000,14247.45,Debit Card,3.3
ORD10157,2025-02-03,Oppo,Oppo Reno 11,Mid Range,256GB,8GB,Other,60,Kolkata,East,1,32999,15,28049.15,24000,4049.15,Credit Card,4.9
ORD10158,2025-06-20,Apple,iPhone 14,Flagship,128GB,6GB,Female,59,Delhi,North,4,59900,5,227620.0,176000,51620.0,Credit Card,4.5
ORD10159,2025-11-01,Apple,iPhone 15 Pro,Premium,256GB,8GB,Other,26,Kolkata,East,2,119900,5,227810.0,178000,49810.0,Net Banking,4.4
ORD10160,2025-02-17,Realme,Realme Narzo 70,Budget,128GB,8GB,Female,29,Kochi,South,1,15999,5,15199.05,11000,4199.05,Cash,4.9
ORD10161,2025-04-09,Xiaomi,Xiaomi 14,Flagship,512GB,12GB,Other,24,Delhi,North,1,69999,20,55999.2,51000,4999.2,Net Banking,4.1
ORD10162,2025-01-20,Oppo,Oppo A3x,Budget,128GB,6GB,Other,28,Delhi,North,2,15999,5,30398.1,23000,7398.1,Net Banking,3.5
ORD10163,2025-03-26,Motorola,Motorola Edge 50,Mid Range,256GB,8GB,Other,33,Bhubaneswar,East,1,27999,15,23799.15,20000,3799.15,Debit Card,4.9
ORD10164,2025-08-18,Xiaomi,Redmi 13C,Budget,128GB,6GB,Male,48,Chandigarh,North,1,11999,20,9599.2,8500,1099.2,Debit Card,4.8
ORD10165,2025-12-14,Motorola,Moto G85,Budget,128GB,8GB,Male,51,Chennai,South,3,17999,10,48597.3,37500,11097.3,Credit Card,4.0
ORD10166,2025-11-06,OnePlus,OnePlus 12R,Mid Range,256GB,8GB,Male,41,Pune,West,2,42999,20,68798.4,63000,5798.4,Net Banking,4.2
ORD10167,2025-03-05,Vivo,Vivo V30,Mid Range,256GB,8GB,Male,27,Jaipur,North,1,33999,10,30599.1,24500,6099.1,Credit Card,4.7
ORD10168,2025-08-19,Oppo,Oppo Reno 11,Mid Range,256GB,8GB,Male,41,Bhubaneswar,East,1,32999,10,29699.1,24000,5699.1,Debit Card,3.6
ORD10169,2025-04-25,Samsung,Galaxy A35,Mid Range,128GB,8GB,Male,39,Surat,West,3,34999,15,89247.45,78000,11247.45,UPI,4.6
ORD10170,2025-05-27,Motorola,Motorola Edge 50,Mid Range,256GB,8GB,Male,23,Guwahati,East,2,27999,0,55998.0,40000,15998.0,Credit Card,3.2
ORD10171,2025-10-08,Realme,Realme GT 6,Flagship,256GB,12GB,Other,21,Chennai,South,1,40999,0,40999.0,30000,10999.0,Net Banking,3.6
ORD10172,2025-08-23,Apple,iPhone 15,Flagship,128GB,6GB,Male,58,Guwahati,East,2,69900,0,139800.0,102000,37800.0,Credit Card,4.1
ORD10173,2025-05-30,Realme,Realme GT 6,Flagship,256GB,12GB,Male,29,Kochi,South,1,40999,10,36899.1,30000,6899.1,Net Banking,4.4
ORD10174,2025-07-04,Apple,iPhone 14,Flagship,128GB,6GB,Female,20,Mumbai,West,1,59900,10,53910.0,44000,9910.0,Debit Card,4.3
ORD10175,2025-01-09,Oppo,Oppo Reno 11,Mid Range,256GB,8GB,Other,58,Kochi,South,1,32999,15,28049.15,24000,4049.15,Debit Card,3.4
ORD10176,2025-03-10,Samsung,Galaxy A35,Mid Range,128GB,8GB,Female,47,Hyderabad,South,3,34999,5,99747.15,78000,21747.15,Credit Card,5.0
ORD10177,2025-03-11,Apple,iPhone 14,Flagship,128GB,6GB,Male,20,Patna,East,1,59900,5,56905.0,44000,12905.0,Debit Card,4.6
ORD10178,2025-06-08,Realme,Realme Narzo 70,Budget,128GB,8GB,Female,59,Guwahati,East,1,15999,20,12799.2,11000,1799.2,UPI,3.5
ORD10179,2025-12-02,Oppo,Oppo F25 Pro,Mid Range,128GB,8GB,Female,43,Surat,West,3,25999,10,70197.3,55500,14697.3,Debit Card,4.5
ORD10180,2025-04-06,Motorola,Moto G85,Budget,128GB,8GB,Other,35,Kochi,South,4,17999,10,64796.4,50000,14796.4,Cash,4.6
ORD10181,2025-02-10,Realme,Realme Narzo 70,Budget,128GB,8GB,Other,24,Jaipur,North,2,15999,5,30398.1,22000,8398.1,Debit Card,3.3
ORD10182,2025-06-06,Motorola,Moto G85,Budget,128GB,8GB,Female,46,Jaipur,North,2,17999,5,34198.1,25000,9198.1,Net Banking,3.3
ORD10183,2025-08-11,Vivo,Vivo Y200,Budget,128GB,8GB,Other,43,Pune,West,1,21999,15,18699.15,15500,3199.15,Credit Card,3.9
ORD10184,2025-01-16,OnePlus,OnePlus Nord CE 4,Budget,128GB,8GB,Female,33,Patna,East,1,24999,0,24999.0,18000,6999.0,Debit Card,4.6
ORD10185,2025-07-16,Samsung,Galaxy A55,Mid Range,128GB,8GB,Other,46,Patna,East,4,44999,5,170996.2,132000,38996.2,Credit Card,4.6
ORD10186,2025-09-29,Oppo,Oppo F25 Pro,Mid Range,128GB,8GB,Male,25,Hyderabad,South,2,25999,5,49398.1,37000,12398.1,Cash,3.2
ORD10187,2025-09-23,Realme,Realme Narzo 70,Budget,128GB,8GB,Other,46,Surat,West,1,15999,5,15199.05,11000,4199.05,Debit Card,3.6
ORD10188,2025-12-22,Motorola,Motorola Edge 50,Mid Range,256GB,8GB,Other,46,Surat,West,1,27999,0,27999.0,20000,7999.0,Cash,3.5
ORD10189,2025-02-14,Oppo,Oppo A3x,Budget,128GB,6GB,Female,52,Kochi,South,2,15999,10,28798.2,23000,5798.2,Credit Card,3.7
ORD10190,2025-12-31,OnePlus,OnePlus 12R,Mid Range,256GB,8GB,Female,26,Chandigarh,North,1,42999,5,40849.05,31500,9349.05,UPI,3.6
ORD10191,2025-07-04,Oppo,Oppo F25 Pro,Mid Range,128GB,8GB,Other,22,Delhi,North,2,25999,0,51998.0,37000,14998.0,Cash,3.8
ORD10192,2025-09-27,Realme,Realme 12 Pro,Mid Range,256GB,8GB,Female,59,Ahmedabad,West,1,29999,5,28499.05,21500,6999.05,Net Banking,3.3
ORD10193,2025-06-26,OnePlus,OnePlus Nord CE 4,Budget,128GB,8GB,Male,45,Jaipur,North,3,24999,5,71247.15,54000,17247.15,UPI,4.1
ORD10194,2025-09-23,OnePlus,OnePlus 12R,Mid Range,256GB,8GB,Other,32,Jaipur,North,1,42999,15,36549.15,31500,5049.15,Debit Card,3.8
ORD10195,2025-02-10,Vivo,Vivo V30,Mid Range,256GB,8GB,Other,57,Bengaluru,South,1,33999,5,32299.05,24500,7799.05,Credit Card,4.2
ORD10196,2025-10-31,OnePlus,OnePlus 12,Flagship,256GB,12GB,Male,20,Hyderabad,South,3,64999,10,175497.3,144000,31497.3,UPI,4.7
ORD10197,2025-01-24,Vivo,Vivo Y200,Budget,128GB,8GB,Female,57,Lucknow,North,3,21999,10,59397.3,46500,12897.3,Net Banking,4.4
ORD10198,2025-05-29,Vivo,Vivo V40,Mid Range,256GB,8GB,Male,43,Chandigarh,North,3,34999,15,89247.45,75000,14247.45,UPI,3.7
ORD10199,2025-03-22,Motorola,Moto G85,Budget,128GB,8GB,Other,56,Guwahati,East,2,17999,5,34198.1,25000,9198.1,Debit Card,3.5
ORD10200,2025-06-26,Realme,Realme GT 6,Flagship,256GB,12GB,Male,38,Kochi,South,2,40999,0,81998.0,60000,21998.0,Debit Card,3.6
ORD10201,2025-08-19,Xiaomi,Xiaomi 14,Flagship,512GB,12GB,Male,57,Surat,West,1,69999,10,62999.1,51000,11999.1,Debit Card,4.0
ORD10202,2025-10-23,Oppo,Oppo Reno 11,Mid Range,256GB,8GB,Female,47,Jaipur,North,2,32999,10,59398.2,48000,11398.2,Cash,4.1
ORD10203,2025-01-12,Apple,iPhone 15 Pro,Premium,256GB,8GB,Male,55,Patna,East,5,119900,5,569525.0,445000,124525.0,Debit Card,3.8
ORD10204,2025-09-11,Motorola,Moto G85,Budget,128GB,8GB,Other,26,Mumbai,West,3,17999,10,48597.3,37500,11097.3,Debit Card,4.8
ORD10205,2025-07-26,Oppo,Oppo Reno 11,Mid Range,256GB,8GB,Female,30,Kolkata,East,1,32999,10,29699.1,24000,5699.1,UPI,3.9
ORD10206,2025-07-17,Motorola,Moto G85,Budget,128GB,8GB,Female,43,Surat,West,1,17999,0,17999.0,12500,5499.0,Net Banking,3.9
ORD10207,2025-07-07,OnePlus,OnePlus 12,Flagship,256GB,12GB,Female,20,Kolkata,East,2,64999,0,129998.0,96000,33998.0,Cash,3.4
ORD10208,2025-09-23,Motorola,Motorola Edge 50,Mid Range,256GB,8GB,Other,38,Delhi,North,1,27999,10,25199.1,20000,5199.1,Debit Card,3.5
ORD10209,2025-10-31,Oppo,Oppo A3x,Budget,128GB,6GB,Female,48,Guwahati,East,2,15999,5,30398.1,23000,7398.1,Debit Card,4.7
ORD10210,2025-12-11,Apple,iPhone 15 Pro,Premium,256GB,8GB,Female,58,Chennai,South,3,119900,15,305745.0,267000,38745.0,Debit Card,3.2
ORD10211,2025-12-02,Xiaomi,Redmi 13C,Budget,128GB,6GB,Other,51,Pune,West,2,11999,5,22798.1,17000,5798.1,Cash,4.3
ORD10212,2025-03-17,Xiaomi,Xiaomi 14,Flagship,512GB,12GB,Female,38,Surat,West,1,69999,10,62999.1,51000,11999.1,Credit Card,4.0
ORD10213,2025-07-30,Motorola,Motorola Edge 50,Mid Range,256GB,8GB,Female,38,Delhi,North,2,27999,10,50398.2,40000,10398.2,Net Banking,5.0
ORD10214,2025-07-12,Oppo,Oppo Reno 11,Mid Range,256GB,8GB,Other,52,Patna,East,4,32999,5,125396.2,96000,29396.2,Debit Card,3.8
ORD10215,2025-11-09,Motorola,Motorola Edge 50,Mid Range,256GB,8GB,Female,32,Chandigarh,North,1,27999,5,26599.05,20000,6599.05,Debit Card,4.9
ORD10216,2025-12-27,Xiaomi,Redmi 13C,Budget,128GB,6GB,Other,53,Guwahati,East,1,11999,5,11399.05,8500,2899.05,Debit Card,4.9
ORD10217,2025-05-28,Apple,iPhone 14,Flagship,128GB,6GB,Male,40,Kolkata,East,4,59900,10,215640.0,176000,39640.0,Debit Card,4.9
ORD10218,2025-01-22,Vivo,Vivo Y200,Budget,128GB,8GB,Female,59,Ahmedabad,West,1,21999,10,19799.1,15500,4299.1,Credit Card,3.7
ORD10219,2025-04-14,Vivo,Vivo Y200,Budget,128GB,8GB,Male,55,Bengaluru,South,1,21999,10,19799.1,15500,4299.1,Net Banking,3.6
ORD10220,2025-04-26,Xiaomi,Xiaomi 14,Flagship,512GB,12GB,Male,48,Surat,West,1,69999,15,59499.15,51000,8499.15,UPI,3.4
ORD10221,2025-10-09,OnePlus,OnePlus 12R,Mid Range,256GB,8GB,Other,36,Guwahati,East,2,42999,5,81698.1,63000,18698.1,UPI,3.8
ORD10222,2025-02-15,Xiaomi,Redmi 13C,Budget,128GB,6GB,Male,44,Pune,West,4,11999,5,45596.2,34000,11596.2,UPI,4.8
ORD10223,2025-07-23,Motorola,Motorola Edge 50,Mid Range,256GB,8GB,Male,37,Chennai,South,3,27999,0,83997.0,60000,23997.0,Debit Card,4.2
ORD10224,2025-05-26,Motorola,Moto G85,Budget,128GB,8GB,Male,35,Delhi,North,3,17999,10,48597.3,37500,11097.3,Debit Card,3.5
ORD10225,2025-03-25,Motorola,Moto G85,Budget,128GB,8GB,Male,36,Jaipur,North,1,17999,5,17099.05,12500,4599.05,Credit Card,4.2
ORD10226,2025-11-09,Realme,Realme 12 Pro,Mid Range,256GB,8GB,Male,24,Hyderabad,South,1,29999,15,25499.15,21500,3999.15,Cash,3.5
ORD10227,2025-06-15,Xiaomi,Xiaomi 14,Flagship,512GB,12GB,Female,35,Bengaluru,South,1,69999,10,62999.1,51000,11999.1,Net Banking,4.9
ORD10228,2025-10-21,Samsung,Galaxy A35,Mid Range,128GB,8GB,Female,60,Kochi,South,2,34999,0,69998.0,52000,17998.0,Credit Card,3.4
ORD10229,2025-07-27,Vivo,Vivo Y200,Budget,128GB,8GB,Male,41,Surat,West,2,21999,5,41798.1,31000,10798.1,Credit Card,4.3
ORD10230,2025-09-02,OnePlus,OnePlus 12R,Mid Range,256GB,8GB,Other,48,Kochi,South,1,42999,10,38699.1,31500,7199.1,Credit Card,4.6
ORD10231,2025-05-07,Apple,iPhone 14,Flagship,128GB,6GB,Male,22,Patna,East,2,59900,5,113810.0,88000,25810.0,UPI,4.9
ORD10232,2025-10-08,Xiaomi,Redmi 13C,Budget,128GB,6GB,Other,51,Delhi,North,1,11999,20,9599.2,8500,1099.2,Credit Card,4.0
ORD10233,2025-10-26,Motorola,Motorola Edge 50,Mid Range,256GB,8GB,Female,26,Patna,East,3,27999,10,75597.3,60000,15597.3,Net Banking,4.1
ORD10234,2025-01-30,Motorola,Moto G85,Budget,128GB,8GB,Other,18,Mumbai,West,1,17999,20,14399.2,12500,1899.2,UPI,4.5
ORD10235,2025-01-24,Realme,Realme 12 Pro,Mid Range,256GB,8GB,Female,22,Ahmedabad,West,2,29999,0,59998.0,43000,16998.0,UPI,5.0
ORD10236,2025-05-27,Realme,Realme GT 6,Flagship,256GB,12GB,Female,59,Delhi,North,3,40999,15,104547.45,90000,14547.45,Cash,4.9
ORD10237,2025-08-18,Realme,Realme 12 Pro,Mid Range,256GB,8GB,Female,52,Ahmedabad,West,2,29999,15,50998.3,43000,7998.3,UPI,3.4
ORD10238,2025-04-02,Realme,Realme Narzo 70,Budget,128GB,8GB,Female,18,Delhi,North,3,15999,5,45597.15,33000,12597.15,Cash,4.6
ORD10239,2025-12-11,Realme,Realme Narzo 70,Budget,128GB,8GB,Female,47,Kolkata,East,3,15999,5,45597.15,33000,12597.15,Credit Card,3.8
ORD10240,2025-02-27,Samsung,Galaxy M35,Budget,128GB,6GB,Female,24,Mumbai,West,1,19999,0,19999.0,14500,5499.0,Net Banking,4.3
ORD10241,2025-12-11,Samsung,Galaxy A55,Mid Range,128GB,8GB,Male,52,Pune,West,1,44999,5,42749.05,33000,9749.05,Credit Card,3.6
ORD10242,2025-09-15,Vivo,Vivo V30,Mid Range,256GB,8GB,Male,38,Hyderabad,South,2,33999,20,54398.4,49000,5398.4,Net Banking,3.6
ORD10243,2025-04-24,Realme,Realme 12 Pro,Mid Range,256GB,8GB,Female,29,Bengaluru,South,1,29999,10,26999.1,21500,5499.1,Net Banking,4.3
ORD10244,2025-09-11,Samsung,Galaxy A35,Mid Range,128GB,8GB,Female,44,Kolkata,East,3,34999,5,99747.15,78000,21747.15,Cash,3.9
ORD10245,2025-04-05,Motorola,Motorola Edge 50,Mid Range,256GB,8GB,Male,27,Chandigarh,North,1,27999,15,23799.15,20000,3799.15,Net Banking,4.7
ORD10246,2025-07-31,Realme,Realme Narzo 70,Budget,128GB,8GB,Male,31,Delhi,North,1,15999,5,15199.05,11000,4199.05,Cash,3.8
ORD10247,2025-07-09,Apple,iPhone 14,Flagship,128GB,6GB,Male,56,Lucknow,North,1,59900,10,53910.0,44000,9910.0,Credit Card,4.3
ORD10248,2025-10-28,Xiaomi,Redmi Note 13 Pro,Mid Range,256GB,8GB,Male,37,Lucknow,North,3,29999,5,85497.15,64500,20997.15,Credit Card,4.9
ORD10249,2025-04-08,Apple,iPhone 14,Flagship,128GB,6GB,Female,56,Guwahati,East,4,59900,15,203660.0,176000,27660.0,Credit Card,4.5
ORD10250,2025-10-10,Oppo,Oppo F25 Pro,Mid Range,128GB,8GB,Female,40,Kolkata,East,2,25999,15,44198.3,37000,7198.3,Net Banking,3.8
ORD10251,2025-09-12,Motorola,Motorola Edge 50,Mid Range,256GB,8GB,Female,31,Guwahati,East,3,27999,5,79797.15,60000,19797.15,UPI,3.9
ORD10252,2025-10-16,Xiaomi,Redmi 13C,Budget,128GB,6GB,Female,55,Delhi,North,1,11999,10,10799.1,8500,2299.1,Debit Card,4.2
ORD10253,2025-03-20,Xiaomi,Redmi Note 13 Pro,Mid Range,256GB,8GB,Other,33,Chandigarh,North,1,29999,20,23999.2,21500,2499.2,Debit Card,4.1
ORD10254,2025-05-12,Motorola,Moto G85,Budget,128GB,8GB,Other,40,Patna,East,1,17999,20,14399.2,12500,1899.2,Net Banking,3.5
ORD10255,2025-09-08,OnePlus,OnePlus Nord CE 4,Budget,128GB,8GB,Other,22,Pune,West,2,24999,20,39998.4,36000,3998.4,UPI,4.9
ORD10256,2025-01-04,Realme,Realme GT 6,Flagship,256GB,12GB,Female,18,Chandigarh,North,1,40999,5,38949.05,30000,8949.05,Debit Card,3.6
ORD10257,2025-01-31,Motorola,Moto G85,Budget,128GB,8GB,Other,44,Mumbai,West,1,17999,10,16199.1,12500,3699.1,Debit Card,3.2
ORD10258,2025-10-02,Vivo,Vivo V30,Mid Range,256GB,8GB,Other,24,Bhubaneswar,East,3,33999,5,96897.15,73500,23397.15,Credit Card,4.9
ORD10259,2025-05-04,Xiaomi,Redmi 13C,Budget,128GB,6GB,Female,43,Bengaluru,South,3,11999,5,34197.15,25500,8697.15,Cash,3.3
ORD10260,2025-10-17,Xiaomi,Redmi 13C,Budget,128GB,6GB,Other,23,Chandigarh,North,1,11999,20,9599.2,8500,1099.2,UPI,4.4
ORD10261,2025-02-17,Realme,Realme 12 Pro,Mid Range,256GB,8GB,Male,58,Kolkata,East,2,29999,0,59998.0,43000,16998.0,UPI,3.2
ORD10262,2025-09-13,Realme,Realme Narzo 70,Budget,128GB,8GB,Male,24,Hyderabad,South,2,15999,20,25598.4,22000,3598.4,Credit Card,4.8
ORD10263,2025-04-19,Motorola,Moto G85,Budget,128GB,8GB,Other,35,Pune,West,4,17999,15,61196.6,50000,11196.6,UPI,4.8
ORD10264,2025-04-02,Oppo,Oppo Reno 11,Mid Range,256GB,8GB,Female,43,Lucknow,North,2,32999,20,52798.4,48000,4798.4,Credit Card,4.9
ORD10265,2025-10-16,Xiaomi,Redmi 13C,Budget,128GB,6GB,Other,39,Kolkata,East,2,11999,10,21598.2,17000,4598.2,Credit Card,3.9
ORD10266,2025-12-19,Apple,iPhone 14,Flagship,128GB,6GB,Female,32,Kochi,South,1,59900,10,53910.0,44000,9910.0,Net Banking,4.7
ORD10267,2025-11-11,Realme,Realme 12 Pro,Mid Range,256GB,8GB,Female,46,Mumbai,West,2,29999,20,47998.4,43000,4998.4,Net Banking,4.1
ORD10268,2025-07-12,Realme,Realme GT 6,Flagship,256GB,12GB,Other,36,Kolkata,East,1,40999,10,36899.1,30000,6899.1,UPI,4.6
ORD10269,2025-02-12,Vivo,Vivo V30,Mid Range,256GB,8GB,Female,27,Kolkata,East,2,33999,15,57798.3,49000,8798.3,Debit Card,4.5
ORD10270,2025-02-24,Apple,iPhone 15,Flagship,128GB,6GB,Male,35,Chennai,South,2,69900,20,111840.0,102000,9840.0,Credit Card,3.4
ORD10271,2025-08-09,Motorola,Moto G85,Budget,128GB,8GB,Other,53,Surat,West,1,17999,5,17099.05,12500,4599.05,Debit Card,3.4
ORD10272,2025-07-17,Samsung,Galaxy A35,Mid Range,128GB,8GB,Male,53,Bhubaneswar,East,1,34999,0,34999.0,26000,8999.0,Net Banking,4.8
ORD10273,2025-09-24,OnePlus,OnePlus Nord CE 4,Budget,128GB,8GB,Male,37,Kolkata,East,1,24999,5,23749.05,18000,5749.05,UPI,3.7
ORD10274,2025-03-27,Realme,Realme 12 Pro,Mid Range,256GB,8GB,Male,22,Bhubaneswar,East,1,29999,20,23999.2,21500,2499.2,Cash,3.9
ORD10275,2025-11-01,Xiaomi,Redmi Note 13 Pro,Mid Range,256GB,8GB,Other,43,Surat,West,1,29999,0,29999.0,21500,8499.0,Cash,3.8
ORD10276,2025-06-18,Motorola,Moto G85,Budget,128GB,8GB,Male,59,Bhubaneswar,East,3,17999,20,43197.6,37500,5697.6,Debit Card,5.0
ORD10277,2025-06-14,Xiaomi,Redmi Note 13 Pro,Mid Range,256GB,8GB,Other,38,Hyderabad,South,1,29999,10,26999.1,21500,5499.1,Cash,3.7
ORD10278,2025-10-22,Xiaomi,Redmi Note 13 Pro,Mid Range,256GB,8GB,Other,43,Kolkata,East,1,29999,20,23999.2,21500,2499.2,Credit Card,3.9
ORD10279,2025-10-31,OnePlus,OnePlus Nord CE 4,Budget,128GB,8GB,Female,31,Mumbai,West,4,24999,10,89996.4,72000,17996.4,UPI,4.0
ORD10280,2025-07-29,Motorola,Motorola Edge 50,Mid Range,256GB,8GB,Female,27,Chennai,South,1,27999,15,23799.15,20000,3799.15,UPI,4.5
ORD10281,2025-08-18,Motorola,Moto G85,Budget,128GB,8GB,Other,41,Bhubaneswar,East,2,17999,20,28798.4,25000,3798.4,Net Banking,4.5
ORD10282,2025-11-23,Apple,iPhone 15,Flagship,128GB,6GB,Male,28,Chandigarh,North,2,69900,5,132810.0,102000,30810.0,Net Banking,4.4
ORD10283,2025-11-27,Realme,Realme 12 Pro,Mid Range,256GB,8GB,Other,34,Bhubaneswar,East,1,29999,0,29999.0,21500,8499.0,Net Banking,3.6
ORD10284,2025-10-13,Xiaomi,Redmi Note 13 Pro,Mid Range,256GB,8GB,Male,55,Kochi,South,1,29999,20,23999.2,21500,2499.2,Debit Card,4.4
ORD10285,2025-01-13,Motorola,Motorola Edge 50,Mid Range,256GB,8GB,Other,25,Chennai,South,1,27999,0,27999.0,20000,7999.0,Credit Card,4.7
ORD10286,2025-06-28,Vivo,Vivo V40,Mid Range,256GB,8GB,Male,48,Patna,East,3,34999,10,94497.3,75000,19497.3,Cash,3.8
ORD10287,2025-12-23,Motorola,Moto G85,Budget,128GB,8GB,Female,25,Ahmedabad,West,1,17999,20,14399.2,12500,1899.2,UPI,3.2
ORD10288,2025-12-13,OnePlus,OnePlus Nord CE 4,Budget,128GB,8GB,Female,28,Chandigarh,North,2,24999,10,44998.2,36000,8998.2,Cash,3.8
ORD10289,2025-04-29,Realme,Realme Narzo 70,Budget,128GB,8GB,Other,45,Jaipur,North,1,15999,15,13599.15,11000,2599.15,Net Banking,3.9
ORD10290,2025-04-12,Motorola,Moto G85,Budget,128GB,8GB,Other,31,Kolkata,East,1,17999,5,17099.05,12500,4599.05,UPI,3.7
ORD10291,2025-10-23,Apple,iPhone 14,Flagship,128GB,6GB,Other,47,Jaipur,North,1,59900,5,56905.0,44000,12905.0,Cash,3.4
ORD10292,2025-09-28,Oppo,Oppo A3x,Budget,128GB,6GB,Female,25,Kolkata,East,2,15999,10,28798.2,23000,5798.2,Net Banking,3.8
ORD10293,2025-03-30,Vivo,Vivo Y200,Budget,128GB,8GB,Male,25,Ahmedabad,West,2,21999,5,41798.1,31000,10798.1,Credit Card,3.6
ORD10294,2025-07-11,OnePlus,OnePlus Nord CE 4,Budget,128GB,8GB,Male,54,Kolkata,East,1,24999,5,23749.05,18000,5749.05,Cash,3.9
ORD10295,2025-11-22,OnePlus,OnePlus Nord CE 4,Budget,128GB,8GB,Female,29,Jaipur,North,2,24999,5,47498.1,36000,11498.1,Net Banking,3.8
ORD10296,2025-01-28,Oppo,Oppo Reno 11,Mid Range,256GB,8GB,Other,42,Guwahati,East,1,32999,20,26399.2,24000,2399.2,Cash,4.9
ORD10297,2025-07-29,Motorola,Moto G85,Budget,128GB,8GB,Male,54,Patna,East,2,17999,0,35998.0,25000,10998.0,Debit Card,3.3
ORD10298,2025-01-17,Vivo,Vivo V30,Mid Range,256GB,8GB,Female,54,Chennai,South,1,33999,10,30599.1,24500,6099.1,Net Banking,4.5
ORD10299,2025-09-19,Apple,iPhone 14,Flagship,128GB,6GB,Male,41,Surat,West,1,59900,10,53910.0,44000,9910.0,Cash,4.2
ORD10300,2025-10-07,Xiaomi,Redmi Note 13 Pro,Mid Range,256GB,8GB,Male,33,Surat,West,3,29999,15,76497.45,64500,11997.45,Cash,3.7
ORD10301,2025-05-15,Oppo,Oppo Reno 11,Mid Range,256GB,8GB,Other,33,Patna,East,3,32999,0,98997.0,72000,26997.0,Net Banking,3.6
ORD10302,2025-12-19,Oppo,Oppo A3x,Budget,128GB,6GB,Male,31,Bhubaneswar,East,1,15999,5,15199.05,11500,3699.05,Net Banking,4.7
ORD10303,2025-06-29,Vivo,Vivo Y200,Budget,128GB,8GB,Female,36,Jaipur,North,1,21999,15,18699.15,15500,3199.15,Net Banking,3.7
ORD10304,2025-12-14,Apple,iPhone 15,Flagship,128GB,6GB,Male,59,Bhubaneswar,East,4,69900,5,265620.0,204000,61620.0,Credit Card,3.4
ORD10305,2025-03-16,Oppo,Oppo Reno 11,Mid Range,256GB,8GB,Female,58,Kolkata,East,2,32999,10,59398.2,48000,11398.2,Cash,3.7
ORD10306,2025-08-20,Apple,iPhone 14,Flagship,128GB,6GB,Female,35,Ahmedabad,West,1,59900,15,50915.0,44000,6915.0,Cash,4.5
ORD10307,2025-09-07,Oppo,Oppo A3x,Budget,128GB,6GB,Female,23,Mumbai,West,3,15999,20,38397.6,34500,3897.6,Debit Card,4.5
ORD10308,2025-02-02,Realme,Realme GT 6,Flagship,256GB,12GB,Female,35,Bhubaneswar,East,3,40999,10,110697.3,90000,20697.3,Debit Card,3.8
ORD10309,2025-10-08,OnePlus,OnePlus Nord CE 4,Budget,128GB,8GB,Other,21,Guwahati,East,3,24999,15,63747.45,54000,9747.45,Cash,3.3
ORD10310,2025-01-09,Apple,iPhone 15,Flagship,128GB,6GB,Male,30,Patna,East,2,69900,10,125820.0,102000,23820.0,Debit Card,5.0
ORD10311,2025-03-23,Vivo,Vivo V30,Mid Range,256GB,8GB,Male,60,Kochi,South,1,33999,5,32299.05,24500,7799.05,UPI,4.8
ORD10312,2025-07-22,Vivo,Vivo Y200,Budget,128GB,8GB,Female,24,Chandigarh,North,2,21999,0,43998.0,31000,12998.0,UPI,3.2
ORD10313,2025-03-09,Xiaomi,Redmi 13C,Budget,128GB,6GB,Female,39,Patna,East,1,11999,15,10199.15,8500,1699.15,Credit Card,4.7
ORD10314,2025-09-02,Apple,iPhone 15,Flagship,128GB,6GB,Female,24,Kolkata,East,1,69900,20,55920.0,51000,4920.0,Debit Card,3.4
ORD10315,2025-03-12,Realme,Realme GT 6,Flagship,256GB,12GB,Male,18,Delhi,North,1,40999,10,36899.1,30000,6899.1,Cash,4.3
ORD10316,2025-06-29,Xiaomi,Redmi 13C,Budget,128GB,6GB,Male,46,Delhi,North,4,11999,10,43196.4,34000,9196.4,UPI,4.7
ORD10317,2025-03-13,Apple,iPhone 14,Flagship,128GB,6GB,Male,38,Kolkata,East,1,59900,10,53910.0,44000,9910.0,Debit Card,4.6
ORD10318,2025-11-27,Apple,iPhone 15,Flagship,128GB,6GB,Other,19,Chennai,South,3,69900,15,178245.0,153000,25245.0,Debit Card,4.7
ORD10319,2025-04-16,Xiaomi,Redmi 13C,Budget,128GB,6GB,Male,33,Kolkata,East,1,11999,0,11999.0,8500,3499.0,Credit Card,4.1
ORD10320,2025-09-13,Apple,iPhone 14,Flagship,128GB,6GB,Other,26,Mumbai,West,5,59900,5,284525.0,220000,64525.0,Cash,3.9
ORD10321,2025-07-07,OnePlus,OnePlus 12R,Mid Range,256GB,8GB,Male,18,Ahmedabad,West,1,42999,0,42999.0,31500,11499.0,UPI,3.7
ORD10322,2025-07-23,Vivo,Vivo Y200,Budget,128GB,8GB,Other,23,Bhubaneswar,East,2,21999,10,39598.2,31000,8598.2,Net Banking,4.4
ORD10323,2025-03-20,Vivo,Vivo V30,Mid Range,256GB,8GB,Female,27,Chennai,South,1,33999,5,32299.05,24500,7799.05,Net Banking,4.2
ORD10324,2025-11-21,Apple,iPhone 15 Pro,Premium,256GB,8GB,Male,33,Bhubaneswar,East,3,119900,20,287760.0,267000,20760.0,Cash,3.3
ORD10325,2025-03-01,Motorola,Motorola Edge 50,Mid Range,256GB,8GB,Other,29,Chennai,South,2,27999,15,47598.3,40000,7598.3,Credit Card,3.4
ORD10326,2025-12-26,Samsung,Galaxy A55,Mid Range,128GB,8GB,Other,51,Guwahati,East,4,44999,10,161996.4,132000,29996.4,Debit Card,4.6
ORD10327,2025-03-27,Oppo,Oppo Reno 11,Mid Range,256GB,8GB,Female,19,Bengaluru,South,3,32999,0,98997.0,72000,26997.0,Debit Card,3.8
ORD10328,2025-09-26,Apple,iPhone 15 Pro,Premium,256GB,8GB,Other,41,Ahmedabad,West,2,119900,10,215820.0,178000,37820.0,Credit Card,3.3
ORD10329,2025-07-08,OnePlus,OnePlus 12R,Mid Range,256GB,8GB,Other,25,Surat,West,4,42999,15,146196.6,126000,20196.6,UPI,3.6
ORD10330,2025-01-23,Samsung,Galaxy A55,Mid Range,128GB,8GB,Male,27,Pune,West,2,44999,10,80998.2,66000,14998.2,Net Banking,3.5
ORD10331,2025-12-02,Realme,Realme GT 6,Flagship,256GB,12GB,Male,38,Hyderabad,South,1,40999,15,34849.15,30000,4849.15,Net Banking,3.7
ORD10332,2025-07-10,Apple,iPhone 14,Flagship,128GB,6GB,Female,51,Pune,West,1,59900,20,47920.0,44000,3920.0,UPI,5.0
ORD10333,2025-08-27,Vivo,Vivo V40,Mid Range,256GB,8GB,Female,18,Hyderabad,South,1,34999,10,31499.1,25000,6499.1,Net Banking,3.9
ORD10334,2025-06-05,Xiaomi,Redmi Note 13 Pro,Mid Range,256GB,8GB,Other,30,Kochi,South,2,29999,10,53998.2,43000,10998.2,Credit Card,4.5
ORD10335,2025-03-19,Samsung,Galaxy M35,Budget,128GB,6GB,Male,58,Mumbai,West,1,19999,5,18999.05,14500,4499.05,Debit Card,4.7
ORD10336,2025-01-01,Realme,Realme Narzo 70,Budget,128GB,8GB,Male,33,Chennai,South,1,15999,10,14399.1,11000,3399.1,Credit Card,4.0
ORD10337,2025-12-31,Vivo,Vivo V30,Mid Range,256GB,8GB,Female,51,Pune,West,4,33999,20,108796.8,98000,10796.8,Cash,3.9
ORD10338,2025-02-13,Apple,iPhone 14,Flagship,128GB,6GB,Male,22,Delhi,North,2,59900,10,107820.0,88000,19820.0,Cash,4.3
ORD10339,2025-12-06,OnePlus,OnePlus 12,Flagship,256GB,12GB,Other,43,Chennai,South,1,64999,5,61749.05,48000,13749.05,Debit Card,4.5
ORD10340,2025-06-12,Motorola,Moto G85,Budget,128GB,8GB,Other,26,Chandigarh,North,1,17999,5,17099.05,12500,4599.05,UPI,4.6
ORD10341,2025-03-21,Apple,iPhone 15,Flagship,128GB,6GB,Male,25,Patna,East,2,69900,10,125820.0,102000,23820.0,Cash,4.2
ORD10342,2025-06-07,Motorola,Moto G85,Budget,128GB,8GB,Other,37,Surat,West,1,17999,20,14399.2,12500,1899.2,Net Banking,4.7
ORD10343,2025-01-21,Xiaomi,Redmi Note 13 Pro,Mid Range,256GB,8GB,Male,40,Delhi,North,1,29999,5,28499.05,21500,6999.05,Debit Card,3.9
ORD10344,2025-05-14,OnePlus,OnePlus 12,Flagship,256GB,12GB,Female,53,Kolkata,East,3,64999,10,175497.3,144000,31497.3,UPI,3.6
ORD10345,2025-03-13,Apple,iPhone 15,Flagship,128GB,6GB,Female,26,Pune,West,3,69900,5,199215.0,153000,46215.0,Debit Card,3.6
ORD10346,2025-12-18,Apple,iPhone 14,Flagship,128GB,6GB,Male,19,Bengaluru,South,4,59900,0,239600.0,176000,63600.0,Cash,5.0
ORD10347,2025-03-07,Apple,iPhone 15 Pro,Premium,256GB,8GB,Other,21,Surat,West,1,119900,10,107910.0,89000,18910.0,Cash,3.5
ORD10348,2025-07-22,Motorola,Motorola Edge 50,Mid Range,256GB,8GB,Male,40,Kolkata,East,2,27999,5,53198.1,40000,13198.1,Debit Card,3.6
ORD10349,2025-05-24,Motorola,Motorola Edge 50,Mid Range,256GB,8GB,Female,33,Pune,West,2,27999,10,50398.2,40000,10398.2,Cash,4.4
ORD10350,2025-10-09,Motorola,Motorola Edge 50,Mid Range,256GB,8GB,Other,44,Ahmedabad,West,1,27999,5,26599.05,20000,6599.05,Credit Card,3.6
ORD10351,2025-11-19,Samsung,Galaxy M35,Budget,128GB,6GB,Other,49,Kochi,South,2,19999,20,31998.4,29000,2998.4,Net Banking,3.8
ORD10352,2025-06-14,Realme,Realme 12 Pro,Mid Range,256GB,8GB,Female,32,Jaipur,North,1,29999,10,26999.1,21500,5499.1,UPI,3.3
ORD10353,2025-08-30,Oppo,Oppo A3x,Budget,128GB,6GB,Female,33,Chandigarh,North,5,15999,0,79995.0,57500,22495.0,Net Banking,4.4
ORD10354,2025-01-29,Xiaomi,Redmi 13C,Budget,128GB,6GB,Other,29,Kolkata,East,1,11999,20,9599.2,8500,1099.2,Debit Card,3.5
ORD10355,2025-12-24,Oppo,Oppo A3x,Budget,128GB,6GB,Other,54,Mumbai,West,2,15999,5,30398.1,23000,7398.1,Credit Card,4.2
ORD10356,2025-09-10,Vivo,Vivo V30,Mid Range,256GB,8GB,Male,32,Guwahati,East,1,33999,0,33999.0,24500,9499.0,Net Banking,4.3
ORD10357,2025-09-02,Samsung,Galaxy A35,Mid Range,128GB,8GB,Female,29,Lucknow,North,3,34999,5,99747.15,78000,21747.15,UPI,4.9
ORD10358,2025-01-12,OnePlus,OnePlus Nord CE 4,Budget,128GB,8GB,Male,51,Delhi,North,3,24999,20,59997.6,54000,5997.6,Debit Card,4.7
ORD10359,2025-12-27,Realme,Realme Narzo 70,Budget,128GB,8GB,Other,26,Surat,West,1,15999,5,15199.05,11000,4199.05,Cash,5.0
ORD10360,2025-11-24,Motorola,Moto G85,Budget,128GB,8GB,Male,57,Jaipur,North,2,17999,10,32398.2,25000,7398.2,Net Banking,4.6
ORD10361,2025-03-31,Realme,Realme 12 Pro,Mid Range,256GB,8GB,Other,18,Chennai,South,1,29999,15,25499.15,21500,3999.15,Cash,4.9
ORD10362,2025-10-18,Samsung,Galaxy A55,Mid Range,128GB,8GB,Male,32,Hyderabad,South,4,44999,10,161996.4,132000,29996.4,Cash,4.4
ORD10363,2025-03-14,Oppo,Oppo A3x,Budget,128GB,6GB,Male,28,Ahmedabad,West,1,15999,5,15199.05,11500,3699.05,Debit Card,4.3
ORD10364,2025-08-17,Samsung,Galaxy A35,Mid Range,128GB,8GB,Male,40,Lucknow,North,1,34999,0,34999.0,26000,8999.0,UPI,3.7
ORD10365,2025-01-25,Realme,Realme 12 Pro,Mid Range,256GB,8GB,Female,49,Bhubaneswar,East,5,29999,10,134995.5,107500,27495.5,Net Banking,4.8
ORD10366,2025-07-12,Apple,iPhone 15 Pro,Premium,256GB,8GB,Female,20,Chandigarh,North,1,119900,0,119900.0,89000,30900.0,Debit Card,3.7
ORD10367,2025-02-23,Apple,iPhone 15 Pro,Premium,256GB,8GB,Male,22,Jaipur,North,4,119900,5,455620.0,356000,99620.0,Debit Card,4.2
ORD10368,2025-11-01,Motorola,Motorola Edge 50,Mid Range,256GB,8GB,Male,56,Bhubaneswar,East,4,27999,5,106396.2,80000,26396.2,UPI,4.8
ORD10369,2025-02-21,Oppo,Oppo Reno 11,Mid Range,256GB,8GB,Female,52,Lucknow,North,1,32999,10,29699.1,24000,5699.1,Debit Card,3.7
ORD10370,2025-05-02,Apple,iPhone 15,Flagship,128GB,6GB,Female,49,Kolkata,East,2,69900,20,111840.0,102000,9840.0,UPI,3.5
ORD10371,2025-08-07,Apple,iPhone 15 Pro,Premium,256GB,8GB,Female,31,Guwahati,East,1,119900,0,119900.0,89000,30900.0,UPI,3.5
ORD10372,2025-08-31,Apple,iPhone 15 Pro,Premium,256GB,8GB,Other,34,Kolkata,East,2,119900,15,203830.0,178000,25830.0,Cash,3.4
ORD10373,2025-04-05,Oppo,Oppo F25 Pro,Mid Range,128GB,8GB,Female,34,Kochi,South,1,25999,0,25999.0,18500,7499.0,Credit Card,4.0
ORD10374,2025-05-18,Samsung,Galaxy A55,Mid Range,128GB,8GB,Other,52,Surat,West,1,44999,5,42749.05,33000,9749.05,Credit Card,3.9
ORD10375,2025-10-11,Samsung,Galaxy M35,Budget,128GB,6GB,Male,48,Bhubaneswar,East,5,19999,15,84995.75,72500,12495.75,Cash,4.2
ORD10376,2025-06-03,Apple,iPhone 15 Pro,Premium,256GB,8GB,Other,54,Pune,West,2,119900,10,215820.0,178000,37820.0,Credit Card,4.4
ORD10377,2025-03-03,Motorola,Motorola Edge 50,Mid Range,256GB,8GB,Female,30,Jaipur,North,5,27999,20,111996.0,100000,11996.0,UPI,3.4
ORD10378,2025-12-16,Realme,Realme GT 6,Flagship,256GB,12GB,Male,38,Delhi,North,3,40999,5,116847.15,90000,26847.15,UPI,4.8
ORD10379,2025-07-18,Realme,Realme Narzo 70,Budget,128GB,8GB,Male,47,Hyderabad,South,3,15999,10,43197.3,33000,10197.3,Net Banking,4.9
ORD10380,2025-10-28,Realme,Realme GT 6,Flagship,256GB,12GB,Male,55,Bhubaneswar,East,1,40999,10,36899.1,30000,6899.1,UPI,4.2
ORD10381,2025-10-16,Apple,iPhone 15 Pro,Premium,256GB,8GB,Other,42,Kochi,South,3,119900,5,341715.0,267000,74715.0,Net Banking,4.4
ORD10382,2025-08-31,Samsung,Galaxy A55,Mid Range,128GB,8GB,Female,56,Bengaluru,South,1,44999,10,40499.1,33000,7499.1,UPI,4.4
ORD10383,2025-07-22,Oppo,Oppo A3x,Budget,128GB,6GB,Male,35,Chandigarh,North,1,15999,10,14399.1,11500,2899.1,Debit Card,4.8
ORD10384,2025-06-05,Vivo,Vivo V40,Mid Range,256GB,8GB,Male,24,Guwahati,East,3,34999,15,89247.45,75000,14247.45,Credit Card,5.0
ORD10385,2025-06-03,Motorola,Moto G85,Budget,128GB,8GB,Female,59,Bengaluru,South,3,17999,10,48597.3,37500,11097.3,Credit Card,3.4
ORD10386,2025-07-28,Motorola,Moto G85,Budget,128GB,8GB,Other,22,Pune,West,2,17999,5,34198.1,25000,9198.1,Cash,3.8
ORD10387,2025-03-11,Samsung,Galaxy A55,Mid Range,128GB,8GB,Female,21,Lucknow,North,3,44999,5,128247.15,99000,29247.15,UPI,3.6
ORD10388,2025-07-04,Xiaomi,Redmi Note 13 Pro,Mid Range,256GB,8GB,Male,43,Kochi,South,3,29999,10,80997.3,64500,16497.3,UPI,4.3
ORD10389,2025-05-04,Oppo,Oppo F25 Pro,Mid Range,128GB,8GB,Female,48,Patna,East,1,25999,20,20799.2,18500,2299.2,Debit Card,4.3
ORD10390,2025-03-25,Vivo,Vivo Y200,Budget,128GB,8GB,Other,21,Ahmedabad,West,1,21999,10,19799.1,15500,4299.1,Credit Card,3.5
ORD10391,2025-04-24,Xiaomi,Redmi 13C,Budget,128GB,6GB,Other,50,Lucknow,North,1,11999,10,10799.1,8500,2299.1,UPI,3.2
ORD10392,2025-08-31,OnePlus,OnePlus Nord CE 4,Budget,128GB,8GB,Female,32,Jaipur,North,2,24999,0,49998.0,36000,13998.0,Debit Card,3.7
ORD10393,2025-08-05,Realme,Realme 12 Pro,Mid Range,256GB,8GB,Other,37,Patna,East,1,29999,10,26999.1,21500,5499.1,Cash,4.4
ORD10394,2025-10-27,Apple,iPhone 15,Flagship,128GB,6GB,Other,56,Kochi,South,2,69900,10,125820.0,102000,23820.0,UPI,3.7
ORD10395,2025-09-04,Apple,iPhone 15 Pro,Premium,256GB,8GB,Other,35,Bengaluru,South,2,119900,20,191840.0,178000,13840.0,Debit Card,3.7
ORD10396,2025-04-07,OnePlus,OnePlus Nord CE 4,Budget,128GB,8GB,Female,56,Chandigarh,North,4,24999,20,79996.8,72000,7996.8,Credit Card,3.9
ORD10397,2025-01-14,Motorola,Moto G85,Budget,128GB,8GB,Other,42,Bengaluru,South,4,17999,10,64796.4,50000,14796.4,Net Banking,4.5
ORD10398,2025-04-08,Oppo,Oppo A3x,Budget,128GB,6GB,Other,48,Chandigarh,North,2,15999,15,27198.3,23000,4198.3,Debit Card,4.8
ORD10399,2025-09-17,Vivo,Vivo V30,Mid Range,256GB,8GB,Other,26,Jaipur,North,1,33999,10,30599.1,24500,6099.1,Net Banking,4.5
ORD10400,2025-04-04,Oppo,Oppo A3x,Budget,128GB,6GB,Female,37,Ahmedabad,West,1,15999,5,15199.05,11500,3699.05,Debit Card,4.0
ORD10401,2025-05-14,Vivo,Vivo V40,Mid Range,256GB,8GB,Other,58,Surat,West,2,34999,20,55998.4,50000,5998.4,UPI,4.3
ORD10402,2025-08-30,Xiaomi,Redmi 13C,Budget,128GB,6GB,Male,51,Surat,West,3,11999,10,32397.3,25500,6897.3,Credit Card,3.7
ORD10403,2025-03-12,Xiaomi,Redmi Note 13 Pro,Mid Range,256GB,8GB,Other,27,Bhubaneswar,East,5,29999,10,134995.5,107500,27495.5,Credit Card,3.8
ORD10404,2025-02-11,Motorola,Moto G85,Budget,128GB,8GB,Male,18,Jaipur,North,1,17999,0,17999.0,12500,5499.0,Credit Card,4.0
ORD10405,2025-10-23,OnePlus,OnePlus 12R,Mid Range,256GB,8GB,Female,58,Ahmedabad,West,1,42999,10,38699.1,31500,7199.1,Cash,4.0
ORD10406,2025-07-16,Samsung,Galaxy S24,Flagship,256GB,8GB,Other,38,Lucknow,North,3,69999,0,209997.0,156000,53997.0,Credit Card,4.6
ORD10407,2025-01-10,Samsung,Galaxy A55,Mid Range,128GB,8GB,Female,37,Chandigarh,North,2,44999,5,85498.1,66000,19498.1,Net Banking,3.4
ORD10408,2025-10-29,Vivo,Vivo V30,Mid Range,256GB,8GB,Other,36,Ahmedabad,West,3,33999,5,96897.15,73500,23397.15,Net Banking,4.0
ORD10409,2025-09-26,Oppo,Oppo F25 Pro,Mid Range,128GB,8GB,Male,40,Delhi,North,1,25999,10,23399.1,18500,4899.1,Cash,4.6
ORD10410,2025-01-10,Xiaomi,Xiaomi 14,Flagship,512GB,12GB,Male,55,Delhi,North,1,69999,0,69999.0,51000,18999.0,Debit Card,4.1
ORD10411,2025-12-31,Samsung,Galaxy M35,Budget,128GB,6GB,Male,21,Bengaluru,South,3,19999,10,53997.3,43500,10497.3,UPI,4.3
ORD10412,2025-12-01,Samsung,Galaxy S24,Flagship,256GB,8GB,Female,25,Surat,West,1,69999,10,62999.1,52000,10999.1,Credit Card,4.2
ORD10413,2025-04-16,Samsung,Galaxy A35,Mid Range,128GB,8GB,Other,51,Bhubaneswar,East,2,34999,15,59498.3,52000,7498.3,Credit Card,3.7
ORD10414,2025-08-03,Apple,iPhone 14,Flagship,128GB,6GB,Other,24,Surat,West,1,59900,20,47920.0,44000,3920.0,Credit Card,4.1
ORD10415,2025-05-15,Xiaomi,Redmi Note 13 Pro,Mid Range,256GB,8GB,Male,53,Bhubaneswar,East,1,29999,0,29999.0,21500,8499.0,Cash,4.1
ORD10416,2025-06-19,Xiaomi,Xiaomi 14,Flagship,512GB,12GB,Male,54,Mumbai,West,2,69999,0,139998.0,102000,37998.0,UPI,4.4
ORD10417,2025-09-19,Apple,iPhone 14,Flagship,128GB,6GB,Female,32,Surat,West,4,59900,15,203660.0,176000,27660.0,Debit Card,4.0
ORD10418,2025-08-26,Samsung,Galaxy S24,Flagship,256GB,8GB,Other,36,Jaipur,North,3,69999,20,167997.6,156000,11997.6,Debit Card,3.8
ORD10419,2025-08-07,Apple,iPhone 15,Flagship,128GB,6GB,Female,60,Pune,West,1,69900,5,66405.0,51000,15405.0,Debit Card,4.4
ORD10420,2025-08-13,Vivo,Vivo Y200,Budget,128GB,8GB,Female,29,Ahmedabad,West,1,21999,5,20899.05,15500,5399.05,Cash,3.4
ORD10421,2025-05-20,Realme,Realme Narzo 70,Budget,128GB,8GB,Other,28,Guwahati,East,3,15999,15,40797.45,33000,7797.45,UPI,3.4
ORD10422,2025-03-23,Apple,iPhone 15 Pro,Premium,256GB,8GB,Female,46,Guwahati,East,3,119900,15,305745.0,267000,38745.0,Debit Card,3.5
ORD10423,2025-11-10,Samsung,Galaxy A55,Mid Range,128GB,8GB,Male,44,Guwahati,East,4,44999,0,179996.0,132000,47996.0,Debit Card,4.0
ORD10424,2025-12-02,Oppo,Oppo Reno 11,Mid Range,256GB,8GB,Other,39,Chandigarh,North,5,32999,15,140245.75,120000,20245.75,Net Banking,4.1
ORD10425,2025-02-18,Realme,Realme Narzo 70,Budget,128GB,8GB,Other,59,Chandigarh,North,2,15999,15,27198.3,22000,5198.3,Net Banking,3.9
ORD10426,2025-01-28,Samsung,Galaxy A55,Mid Range,128GB,8GB,Female,28,Guwahati,East,3,44999,20,107997.6,99000,8997.6,Debit Card,3.3
ORD10427,2025-05-04,Oppo,Oppo F25 Pro,Mid Range,128GB,8GB,Male,59,Pune,West,2,25999,10,46798.2,37000,9798.2,UPI,3.9
ORD10428,2025-08-24,Motorola,Moto G85,Budget,128GB,8GB,Female,38,Ahmedabad,West,3,17999,10,48597.3,37500,11097.3,UPI,3.4
ORD10429,2025-02-22,Realme,Realme 12 Pro,Mid Range,256GB,8GB,Other,23,Pune,West,2,29999,0,59998.0,43000,16998.0,Debit Card,4.6
ORD10430,2025-09-18,Xiaomi,Redmi 13C,Budget,128GB,6GB,Female,21,Patna,East,4,11999,5,45596.2,34000,11596.2,Debit Card,4.7
ORD10431,2025-10-14,Motorola,Moto G85,Budget,128GB,8GB,Female,60,Patna,East,1,17999,20,14399.2,12500,1899.2,Debit Card,3.6
ORD10432,2025-11-21,Vivo,Vivo Y200,Budget,128GB,8GB,Other,28,Kochi,South,2,21999,0,43998.0,31000,12998.0,Cash,4.1
ORD10433,2025-02-24,Vivo,Vivo Y200,Budget,128GB,8GB,Male,43,Lucknow,North,1,21999,20,17599.2,15500,2099.2,Debit Card,3.6
ORD10434,2025-02-25,Realme,Realme GT 6,Flagship,256GB,12GB,Other,47,Surat,West,3,40999,10,110697.3,90000,20697.3,Credit Card,4.4
ORD10435,2025-09-13,Samsung,Galaxy S24,Flagship,256GB,8GB,Male,50,Bhubaneswar,East,3,69999,10,188997.3,156000,32997.3,Net Banking,4.6
ORD10436,2025-03-30,OnePlus,OnePlus 12,Flagship,256GB,12GB,Female,38,Kolkata,East,2,64999,10,116998.2,96000,20998.2,Cash,4.1
ORD10437,2025-11-08,Xiaomi,Redmi Note 13 Pro,Mid Range,256GB,8GB,Male,46,Kolkata,East,5,29999,5,142495.25,107500,34995.25,Cash,4.6
ORD10438,2025-11-05,Vivo,Vivo Y200,Budget,128GB,8GB,Male,58,Hyderabad,South,2,21999,10,39598.2,31000,8598.2,Net Banking,3.6
ORD10439,2025-05-29,Oppo,Oppo A3x,Budget,128GB,6GB,Other,29,Delhi,North,5,15999,15,67995.75,57500,10495.75,Debit Card,4.1
ORD10440,2025-12-30,Apple,iPhone 15 Pro,Premium,256GB,8GB,Other,44,Guwahati,East,2,119900,15,203830.0,178000,25830.0,Debit Card,4.4
ORD10441,2025-08-05,Samsung,Galaxy S24,Flagship,256GB,8GB,Female,60,Mumbai,West,1,69999,0,69999.0,52000,17999.0,Credit Card,3.3
ORD10442,2025-05-27,Vivo,Vivo V30,Mid Range,256GB,8GB,Male,31,Pune,West,2,33999,5,64598.1,49000,15598.1,Debit Card,4.6
ORD10443,2025-08-20,Apple,iPhone 14,Flagship,128GB,6GB,Other,42,Chandigarh,North,3,59900,10,161730.0,132000,29730.0,Debit Card,3.6
ORD10444,2025-12-21,Samsung,Galaxy M35,Budget,128GB,6GB,Male,38,Kolkata,East,1,19999,20,15999.2,14500,1499.2,UPI,4.9
ORD10445,2025-05-09,Xiaomi,Redmi 13C,Budget,128GB,6GB,Other,59,Patna,East,3,11999,15,30597.45,25500,5097.45,Net Banking,3.9
ORD10446,2025-11-05,Xiaomi,Redmi 13C,Budget,128GB,6GB,Male,22,Lucknow,North,1,11999,5,11399.05,8500,2899.05,Net Banking,3.5
ORD10447,2025-03-03,Realme,Realme GT 6,Flagship,256GB,12GB,Female,26,Bhubaneswar,East,1,40999,5,38949.05,30000,8949.05,UPI,3.5
ORD10448,2025-06-19,Motorola,Motorola Edge 50,Mid Range,256GB,8GB,Other,56,Pune,West,1,27999,5,26599.05,20000,6599.05,Net Banking,3.3
ORD10449,2025-12-05,Vivo,Vivo V40,Mid Range,256GB,8GB,Male,38,Kochi,South,1,34999,15,29749.15,25000,4749.15,Net Banking,4.1
ORD10450,2025-02-04,OnePlus,OnePlus 12R,Mid Range,256GB,8GB,Female,31,Kolkata,East,1,42999,5,40849.05,31500,9349.05,Debit Card,4.4
ORD10451,2025-05-31,Xiaomi,Redmi 13C,Budget,128GB,6GB,Other,59,Guwahati,East,5,11999,20,47996.0,42500,5496.0,Debit Card,3.2
ORD10452,2025-08-17,Xiaomi,Redmi 13C,Budget,128GB,6GB,Male,38,Chandigarh,North,4,11999,15,40796.6,34000,6796.6,Cash,3.9
ORD10453,2025-05-12,Vivo,Vivo V30,Mid Range,256GB,8GB,Female,46,Kochi,South,2,33999,10,61198.2,49000,12198.2,Credit Card,4.1
ORD10454,2025-06-14,Apple,iPhone 15,Flagship,128GB,6GB,Other,52,Jaipur,North,5,69900,20,279600.0,255000,24600.0,UPI,4.2
ORD10455,2025-04-18,Xiaomi,Redmi 13C,Budget,128GB,6GB,Other,52,Bhubaneswar,East,3,11999,5,34197.15,25500,8697.15,Cash,4.7
ORD10456,2025-11-28,Apple,iPhone 14,Flagship,128GB,6GB,Male,39,Delhi,North,1,59900,15,50915.0,44000,6915.0,UPI,3.3
ORD10457,2025-04-02,Vivo,Vivo Y200,Budget,128GB,8GB,Female,34,Ahmedabad,West,2,21999,5,41798.1,31000,10798.1,Cash,3.9
ORD10458,2025-08-10,Oppo,Oppo Reno 11,Mid Range,256GB,8GB,Other,18,Kolkata,East,2,32999,10,59398.2,48000,11398.2,UPI,4.4
ORD10459,2025-10-27,Samsung,Galaxy S24,Flagship,256GB,8GB,Female,36,Kochi,South,4,69999,0,279996.0,208000,71996.0,Net Banking,4.6
ORD10460,2025-02-14,Vivo,Vivo V40,Mid Range,256GB,8GB,Other,19,Kolkata,East,1,34999,15,29749.15,25000,4749.15,Credit Card,4.1
ORD10461,2025-03-11,Realme,Realme Narzo 70,Budget,128GB,8GB,Other,37,Chennai,South,5,15999,5,75995.25,55000,20995.25,Debit Card,4.4
ORD10462,2025-01-06,OnePlus,OnePlus 12,Flagship,256GB,12GB,Male,43,Pune,West,1,64999,10,58499.1,48000,10499.1,Debit Card,4.2
ORD10463,2025-04-18,Oppo,Oppo Reno 11,Mid Range,256GB,8GB,Male,50,Bhubaneswar,East,4,32999,20,105596.8,96000,9596.8,Credit Card,3.5
ORD10464,2025-11-12,Vivo,Vivo V30,Mid Range,256GB,8GB,Other,54,Surat,West,1,33999,20,27199.2,24500,2699.2,Cash,4.7
ORD10465,2025-11-27,Apple,iPhone 15 Pro,Premium,256GB,8GB,Female,55,Ahmedabad,West,1,119900,5,113905.0,89000,24905.0,Debit Card,4.1
ORD10466,2025-03-07,Xiaomi,Xiaomi 14,Flagship,512GB,12GB,Female,38,Chennai,South,2,69999,5,132998.1,102000,30998.1,Net Banking,4.1
ORD10467,2025-12-04,Vivo,Vivo Y200,Budget,128GB,8GB,Male,38,Delhi,North,2,21999,5,41798.1,31000,10798.1,UPI,4.9
ORD10468,2025-06-10,Xiaomi,Xiaomi 14,Flagship,512GB,12GB,Female,26,Bhubaneswar,East,1,69999,5,66499.05,51000,15499.05,Cash,4.4
ORD10469,2025-08-25,Motorola,Moto G85,Budget,128GB,8GB,Male,29,Chennai,South,2,17999,0,35998.0,25000,10998.0,Debit Card,4.4
ORD10470,2025-03-13,Xiaomi,Redmi Note 13 Pro,Mid Range,256GB,8GB,Other,50,Ahmedabad,West,3,29999,0,89997.0,64500,25497.0,Net Banking,4.3
ORD10471,2025-07-27,Xiaomi,Xiaomi 14,Flagship,512GB,12GB,Male,48,Bengaluru,South,2,69999,10,125998.2,102000,23998.2,Debit Card,4.4
ORD10472,2025-07-20,Xiaomi,Redmi 13C,Budget,128GB,6GB,Female,50,Chennai,South,1,11999,10,10799.1,8500,2299.1,Net Banking,3.4
ORD10473,2025-01-06,Xiaomi,Redmi 13C,Budget,128GB,6GB,Other,46,Jaipur,North,3,11999,5,34197.15,25500,8697.15,Net Banking,3.5
ORD10474,2025-12-04,OnePlus,OnePlus Nord CE 4,Budget,128GB,8GB,Male,32,Guwahati,East,4,24999,0,99996.0,72000,27996.0,UPI,4.6
ORD10475,2025-05-16,Oppo,Oppo Reno 11,Mid Range,256GB,8GB,Female,41,Pune,West,2,32999,10,59398.2,48000,11398.2,UPI,3.9
ORD10476,2025-01-21,Oppo,Oppo Reno 11,Mid Range,256GB,8GB,Male,55,Bengaluru,South,3,32999,5,94047.15,72000,22047.15,Cash,4.2
ORD10477,2025-12-01,Realme,Realme 12 Pro,Mid Range,256GB,8GB,Female,32,Ahmedabad,West,2,29999,10,53998.2,43000,10998.2,Debit Card,4.1
ORD10478,2025-09-07,Motorola,Motorola Edge 50,Mid Range,256GB,8GB,Female,22,Delhi,North,2,27999,5,53198.1,40000,13198.1,Credit Card,4.1
ORD10479,2025-03-18,OnePlus,OnePlus 12,Flagship,256GB,12GB,Female,25,Kochi,South,2,64999,20,103998.4,96000,7998.4,Debit Card,4.4
ORD10480,2025-02-28,Motorola,Moto G85,Budget,128GB,8GB,Male,59,Guwahati,East,1,17999,5,17099.05,12500,4599.05,Credit Card,4.7
ORD10481,2025-01-23,OnePlus,OnePlus Nord CE 4,Budget,128GB,8GB,Male,20,Jaipur,North,1,24999,10,22499.1,18000,4499.1,UPI,4.8
ORD10482,2025-03-27,Vivo,Vivo V30,Mid Range,256GB,8GB,Other,58,Kolkata,East,2,33999,10,61198.2,49000,12198.2,Debit Card,3.2
ORD10483,2025-02-13,Xiaomi,Redmi Note 13 Pro,Mid Range,256GB,8GB,Other,32,Guwahati,East,3,29999,5,85497.15,64500,20997.15,Credit Card,4.7
ORD10484,2025-10-26,OnePlus,OnePlus Nord CE 4,Budget,128GB,8GB,Other,39,Bengaluru,South,1,24999,15,21249.15,18000,3249.15,Net Banking,4.9
ORD10485,2025-02-05,Xiaomi,Redmi Note 13 Pro,Mid Range,256GB,8GB,Other,30,Kolkata,East,1,29999,0,29999.0,21500,8499.0,Cash,4.1
ORD10486,2025-03-18,Apple,iPhone 15,Flagship,128GB,6GB,Other,20,Guwahati,East,4,69900,10,251640.0,204000,47640.0,Net Banking,4.8
ORD10487,2025-03-02,Apple,iPhone 15 Pro,Premium,256GB,8GB,Other,18,Delhi,North,4,119900,10,431640.0,356000,75640.0,Cash,4.8
ORD10488,2025-09-25,Realme,Realme 12 Pro,Mid Range,256GB,8GB,Female,32,Pune,West,2,29999,10,53998.2,43000,10998.2,Cash,4.9
ORD10489,2025-06-29,Apple,iPhone 15 Pro,Premium,256GB,8GB,Male,32,Delhi,North,1,119900,20,95920.0,89000,6920.0,Debit Card,4.8
ORD10490,2025-11-03,Realme,Realme 12 Pro,Mid Range,256GB,8GB,Male,18,Lucknow,North,1,29999,15,25499.15,21500,3999.15,Net Banking,4.2
ORD10491,2025-01-04,Realme,Realme Narzo 70,Budget,128GB,8GB,Male,44,Lucknow,North,2,15999,5,30398.1,22000,8398.1,Cash,3.9
ORD10492,2025-11-30,Vivo,Vivo V40,Mid Range,256GB,8GB,Female,35,Bhubaneswar,East,2,34999,10,62998.2,50000,12998.2,Credit Card,5.0
ORD10493,2025-07-31,Motorola,Motorola Edge 50,Mid Range,256GB,8GB,Other,34,Kochi,South,2,27999,10,50398.2,40000,10398.2,Debit Card,5.0
ORD10494,2025-12-28,Realme,Realme Narzo 70,Budget,128GB,8GB,Female,25,Delhi,North,3,15999,15,40797.45,33000,7797.45,Credit Card,4.5
ORD10495,2025-02-21,Xiaomi,Redmi 13C,Budget,128GB,6GB,Other,53,Kolkata,East,3,11999,20,28797.6,25500,3297.6,UPI,4.3
ORD10496,2025-03-24,Realme,Realme Narzo 70,Budget,128GB,8GB,Other,27,Mumbai,West,3,15999,20,38397.6,33000,5397.6,Cash,4.0
ORD10497,2025-02-15,Apple,iPhone 15 Pro,Premium,256GB,8GB,Female,20,Chandigarh,North,1,119900,10,107910.0,89000,18910.0,Net Banking,4.5
ORD10498,2025-12-02,Vivo,Vivo Y200,Budget,128GB,8GB,Female,29,Pune,West,4,21999,20,70396.8,62000,8396.8,UPI,4.4
ORD10499,2025-04-14,Vivo,Vivo V30,Mid Range,256GB,8GB,Other,51,Pune,West,3,33999,10,91797.3,73500,18297.3,Credit Card,4.5
ORD10500,2025-12-12,Samsung,Galaxy A35,Mid Range,128GB,8GB,Female,23,Chandigarh,North,2,34999,5,66498.1,52000,14498.1,Debit Card,5.0
ORD10501,2025-12-09,Realme,Realme 12 Pro,Mid Range,256GB,8GB,Other,22,Lucknow,North,2,29999,15,50998.3,43000,7998.3,Debit Card,4.9
ORD10502,2025-10-14,Oppo,Oppo F25 Pro,Mid Range,128GB,8GB,Other,47,Bengaluru,South,1,25999,5,24699.05,18500,6199.05,UPI,4.9
ORD10503,2025-05-14,OnePlus,OnePlus 12R,Mid Range,256GB,8GB,Male,36,Surat,West,2,42999,10,77398.2,63000,14398.2,Net Banking,3.8
ORD10504,2025-05-12,Vivo,Vivo Y200,Budget,128GB,8GB,Female,48,Patna,East,5,21999,10,98995.5,77500,21495.5,Cash,4.6
ORD10505,2025-12-15,Motorola,Motorola Edge 50,Mid Range,256GB,8GB,Male,42,Guwahati,East,1,27999,0,27999.0,20000,7999.0,Credit Card,4.3
ORD10506,2025-06-11,Realme,Realme 12 Pro,Mid Range,256GB,8GB,Female,33,Mumbai,West,2,29999,5,56998.1,43000,13998.1,Debit Card,3.7
ORD10507,2025-02-08,OnePlus,OnePlus 12R,Mid Range,256GB,8GB,Other,35,Hyderabad,South,1,42999,10,38699.1,31500,7199.1,Credit Card,3.5
ORD10508,2025-09-13,Xiaomi,Xiaomi 14,Flagship,512GB,12GB,Male,32,Chandigarh,North,3,69999,5,199497.15,153000,46497.15,Net Banking,3.6
ORD10509,2025-07-02,OnePlus,OnePlus 12,Flagship,256GB,12GB,Male,60,Surat,West,4,64999,15,220996.6,192000,28996.6,Net Banking,4.1
ORD10510,2025-01-22,Motorola,Moto G85,Budget,128GB,8GB,Other,35,Hyderabad,South,2,17999,10,32398.2,25000,7398.2,Debit Card,4.1
ORD10511,2025-07-23,Xiaomi,Redmi 13C,Budget,128GB,6GB,Other,45,Delhi,North,1,11999,20,9599.2,8500,1099.2,UPI,4.1
ORD10512,2025-09-15,Oppo,Oppo F25 Pro,Mid Range,128GB,8GB,Other,51,Jaipur,North,2,25999,0,51998.0,37000,14998.0,UPI,4.0
ORD10513,2025-01-07,Xiaomi,Redmi Note 13 Pro,Mid Range,256GB,8GB,Female,34,Surat,West,1,29999,10,26999.1,21500,5499.1,Credit Card,3.5
ORD10514,2025-05-18,Motorola,Moto G85,Budget,128GB,8GB,Female,31,Kochi,South,1,17999,10,16199.1,12500,3699.1,Debit Card,4.0
ORD10515,2025-07-25,Vivo,Vivo V40,Mid Range,256GB,8GB,Other,32,Jaipur,North,2,34999,10,62998.2,50000,12998.2,Debit Card,4.7
ORD10516,2025-05-01,Realme,Realme 12 Pro,Mid Range,256GB,8GB,Male,27,Lucknow,North,1,29999,15,25499.15,21500,3999.15,Credit Card,4.1
ORD10517,2025-08-04,Motorola,Motorola Edge 50,Mid Range,256GB,8GB,Other,34,Hyderabad,South,3,27999,5,79797.15,60000,19797.15,UPI,4.2
ORD10518,2025-07-23,Apple,iPhone 14,Flagship,128GB,6GB,Other,34,Jaipur,North,1,59900,20,47920.0,44000,3920.0,UPI,4.1
ORD10519,2025-08-19,Oppo,Oppo F25 Pro,Mid Range,128GB,8GB,Female,34,Kochi,South,1,25999,10,23399.1,18500,4899.1,UPI,3.8
ORD10520,2025-06-29,Xiaomi,Redmi 13C,Budget,128GB,6GB,Other,40,Jaipur,North,5,11999,5,56995.25,42500,14495.25,Cash,3.8
ORD10521,2025-08-17,Apple,iPhone 15 Pro,Premium,256GB,8GB,Female,28,Chennai,South,2,119900,5,227810.0,178000,49810.0,Cash,4.4
ORD10522,2025-11-20,Realme,Realme GT 6,Flagship,256GB,12GB,Female,38,Ahmedabad,West,1,40999,5,38949.05,30000,8949.05,Debit Card,3.8
ORD10523,2025-11-06,Realme,Realme 12 Pro,Mid Range,256GB,8GB,Female,55,Patna,East,3,29999,5,85497.15,64500,20997.15,Cash,4.1
ORD10524,2025-03-27,OnePlus,OnePlus 12,Flagship,256GB,12GB,Other,34,Delhi,North,3,64999,15,165747.45,144000,21747.45,UPI,4.9
ORD10525,2025-04-18,OnePlus,OnePlus 12R,Mid Range,256GB,8GB,Female,53,Surat,West,1,42999,10,38699.1,31500,7199.1,Net Banking,3.3
ORD10526,2025-02-12,Apple,iPhone 15 Pro,Premium,256GB,8GB,Other,37,Delhi,North,1,119900,10,107910.0,89000,18910.0,Debit Card,3.6
ORD10527,2025-08-15,OnePlus,OnePlus 12,Flagship,256GB,12GB,Female,40,Jaipur,North,1,64999,15,55249.15,48000,7249.15,Cash,4.7
ORD10528,2025-08-28,Vivo,Vivo Y200,Budget,128GB,8GB,Other,52,Patna,East,1,21999,15,18699.15,15500,3199.15,Cash,3.5
ORD10529,2025-11-20,Realme,Realme Narzo 70,Budget,128GB,8GB,Male,52,Chennai,South,4,15999,10,57596.4,44000,13596.4,Cash,3.6
ORD10530,2025-06-07,Oppo,Oppo F25 Pro,Mid Range,128GB,8GB,Male,18,Bengaluru,South,1,25999,0,25999.0,18500,7499.0,Debit Card,4.1
ORD10531,2025-05-27,Motorola,Motorola Edge 50,Mid Range,256GB,8GB,Female,37,Guwahati,East,4,27999,10,100796.4,80000,20796.4,Debit Card,3.2
ORD10532,2025-11-02,Xiaomi,Xiaomi 14,Flagship,512GB,12GB,Male,45,Kochi,South,1,69999,10,62999.1,51000,11999.1,Cash,3.9
ORD10533,2025-07-13,Xiaomi,Redmi Note 13 Pro,Mid Range,256GB,8GB,Other,51,Ahmedabad,West,2,29999,5,56998.1,43000,13998.1,Debit Card,4.6
ORD10534,2025-05-26,Vivo,Vivo V40,Mid Range,256GB,8GB,Other,26,Lucknow,North,3,34999,5,99747.15,75000,24747.15,Cash,3.7
ORD10535,2025-11-13,Motorola,Moto G85,Budget,128GB,8GB,Other,27,Guwahati,East,1,17999,0,17999.0,12500,5499.0,UPI,3.3
ORD10536,2025-04-06,Apple,iPhone 15 Pro,Premium,256GB,8GB,Male,18,Bengaluru,South,1,119900,10,107910.0,89000,18910.0,UPI,3.6
ORD10537,2025-09-10,Xiaomi,Redmi Note 13 Pro,Mid Range,256GB,8GB,Female,49,Bhubaneswar,East,1,29999,20,23999.2,21500,2499.2,UPI,5.0
ORD10538,2025-06-19,Apple,iPhone 15,Flagship,128GB,6GB,Male,22,Pune,West,1,69900,10,62910.0,51000,11910.0,Credit Card,4.2
ORD10539,2025-05-09,Realme,Realme GT 6,Flagship,256GB,12GB,Female,33,Surat,West,5,40999,15,174245.75,150000,24245.75,Credit Card,3.9
ORD10540,2025-01-18,Xiaomi,Redmi Note 13 Pro,Mid Range,256GB,8GB,Female,48,Surat,West,2,29999,5,56998.1,43000,13998.1,Debit Card,3.9
ORD10541,2025-03-23,Samsung,Galaxy S24,Flagship,256GB,8GB,Male,30,Bengaluru,South,2,69999,5,132998.1,104000,28998.1,Credit Card,3.8
ORD10542,2025-02-27,Xiaomi,Redmi 13C,Budget,128GB,6GB,Female,35,Bhubaneswar,East,1,11999,5,11399.05,8500,2899.05,Credit Card,4.3
ORD10543,2025-01-05,Samsung,Galaxy M35,Budget,128GB,6GB,Male,33,Delhi,North,1,19999,0,19999.0,14500,5499.0,Net Banking,3.5
ORD10544,2025-06-23,Samsung,Galaxy S24,Flagship,256GB,8GB,Male,52,Kochi,South,2,69999,15,118998.3,104000,14998.3,Cash,4.6
ORD10545,2025-04-30,Oppo,Oppo A3x,Budget,128GB,6GB,Female,30,Kochi,South,3,15999,10,43197.3,34500,8697.3,Debit Card,3.2
ORD10546,2025-03-10,Vivo,Vivo V30,Mid Range,256GB,8GB,Female,36,Guwahati,East,2,33999,10,61198.2,49000,12198.2,Credit Card,4.2
ORD10547,2025-10-18,OnePlus,OnePlus Nord CE 4,Budget,128GB,8GB,Other,35,Kochi,South,1,24999,10,22499.1,18000,4499.1,Net Banking,4.8
ORD10548,2025-03-24,Apple,iPhone 14,Flagship,128GB,6GB,Female,34,Delhi,North,2,59900,20,95840.0,88000,7840.0,UPI,4.2
ORD10549,2025-11-23,Realme,Realme Narzo 70,Budget,128GB,8GB,Male,41,Jaipur,North,4,15999,10,57596.4,44000,13596.4,Debit Card,4.6
ORD10550,2025-02-02,Realme,Realme GT 6,Flagship,256GB,12GB,Female,57,Guwahati,East,3,40999,5,116847.15,90000,26847.15,Debit Card,3.7
ORD10551,2025-02-26,Apple,iPhone 14,Flagship,128GB,6GB,Male,29,Ahmedabad,West,1,59900,5,56905.0,44000,12905.0,UPI,4.8
ORD10552,2025-09-06,Xiaomi,Xiaomi 14,Flagship,512GB,12GB,Other,42,Pune,West,2,69999,20,111998.4,102000,9998.4,Net Banking,4.4
ORD10553,2025-12-26,Vivo,Vivo V30,Mid Range,256GB,8GB,Male,22,Kochi,South,1,33999,15,28899.15,24500,4399.15,Cash,3.2
ORD10554,2025-02-10,Motorola,Motorola Edge 50,Mid Range,256GB,8GB,Male,41,Kochi,South,2,27999,10,50398.2,40000,10398.2,Net Banking,4.6
ORD10555,2025-05-17,Samsung,Galaxy S24,Flagship,256GB,8GB,Other,51,Chennai,South,1,69999,5,66499.05,52000,14499.05,Credit Card,3.4
ORD10556,2025-09-30,Realme,Realme GT 6,Flagship,256GB,12GB,Male,54,Lucknow,North,2,40999,5,77898.1,60000,17898.1,Net Banking,4.3
ORD10557,2025-10-13,Realme,Realme Narzo 70,Budget,128GB,8GB,Other,40,Surat,West,3,15999,10,43197.3,33000,10197.3,Cash,4.4
ORD10558,2025-02-23,OnePlus,OnePlus 12,Flagship,256GB,12GB,Other,28,Kolkata,East,2,64999,15,110498.3,96000,14498.3,Cash,4.2
ORD10559,2025-06-30,Oppo,Oppo A3x,Budget,128GB,6GB,Other,58,Hyderabad,South,3,15999,10,43197.3,34500,8697.3,Debit Card,4.0
ORD10560,2025-11-08,Xiaomi,Redmi 13C,Budget,128GB,6GB,Female,34,Lucknow,North,1,11999,10,10799.1,8500,2299.1,Cash,3.8
ORD10561,2025-07-23,Samsung,Galaxy S24,Flagship,256GB,8GB,Female,26,Chennai,South,2,69999,10,125998.2,104000,21998.2,UPI,5.0
ORD10562,2025-06-03,Xiaomi,Xiaomi 14,Flagship,512GB,12GB,Other,35,Hyderabad,South,1,69999,20,55999.2,51000,4999.2,Net Banking,4.9
ORD10563,2025-10-20,OnePlus,OnePlus 12,Flagship,256GB,12GB,Other,26,Pune,West,2,64999,5,123498.1,96000,27498.1,Credit Card,3.7
ORD10564,2025-04-30,Vivo,Vivo V40,Mid Range,256GB,8GB,Other,31,Ahmedabad,West,2,34999,10,62998.2,50000,12998.2,Debit Card,4.5
ORD10565,2025-09-05,OnePlus,OnePlus 12R,Mid Range,256GB,8GB,Other,20,Surat,West,2,42999,5,81698.1,63000,18698.1,Cash,4.5
ORD10566,2025-02-10,Samsung,Galaxy A35,Mid Range,128GB,8GB,Male,44,Kochi,South,3,34999,10,94497.3,78000,16497.3,Credit Card,4.9
ORD10567,2025-12-01,Samsung,Galaxy M35,Budget,128GB,6GB,Male,38,Pune,West,1,19999,0,19999.0,14500,5499.0,Debit Card,4.2
ORD10568,2025-09-15,Xiaomi,Xiaomi 14,Flagship,512GB,12GB,Other,46,Pune,West,2,69999,10,125998.2,102000,23998.2,Net Banking,4.6
ORD10569,2025-02-16,Xiaomi,Redmi Note 13 Pro,Mid Range,256GB,8GB,Female,26,Chennai,South,3,29999,5,85497.15,64500,20997.15,Net Banking,3.8
ORD10570,2025-01-26,Realme,Realme 12 Pro,Mid Range,256GB,8GB,Female,26,Ahmedabad,West,1,29999,10,26999.1,21500,5499.1,Net Banking,4.6
ORD10571,2025-04-12,Motorola,Moto G85,Budget,128GB,8GB,Male,51,Lucknow,North,2,17999,15,30598.3,25000,5598.3,Debit Card,3.6
ORD10572,2025-08-09,Oppo,Oppo A3x,Budget,128GB,6GB,Male,45,Ahmedabad,West,1,15999,10,14399.1,11500,2899.1,Debit Card,3.9
ORD10573,2025-06-26,Samsung,Galaxy A35,Mid Range,128GB,8GB,Female,46,Jaipur,North,5,34999,10,157495.5,130000,27495.5,UPI,4.3
ORD10574,2025-04-30,Xiaomi,Redmi 13C,Budget,128GB,6GB,Male,23,Kochi,South,1,11999,15,10199.15,8500,1699.15,Credit Card,3.4
ORD10575,2025-11-14,OnePlus,OnePlus 12R,Mid Range,256GB,8GB,Female,25,Mumbai,West,1,42999,20,34399.2,31500,2899.2,UPI,3.7
ORD10576,2025-06-19,Xiaomi,Redmi 13C,Budget,128GB,6GB,Other,34,Lucknow,North,1,11999,10,10799.1,8500,2299.1,Credit Card,4.2
ORD10577,2025-12-22,Samsung,Galaxy M35,Budget,128GB,6GB,Other,36,Pune,West,1,19999,0,19999.0,14500,5499.0,Net Banking,3.6
ORD10578,2025-05-19,Samsung,Galaxy M35,Budget,128GB,6GB,Other,35,Mumbai,West,1,19999,15,16999.15,14500,2499.15,Debit Card,4.4
ORD10579,2025-02-25,Samsung,Galaxy A35,Mid Range,128GB,8GB,Male,50,Kolkata,East,1,34999,10,31499.1,26000,5499.1,Debit Card,5.0
ORD10580,2025-09-06,Apple,iPhone 15,Flagship,128GB,6GB,Male,53,Lucknow,North,2,69900,10,125820.0,102000,23820.0,UPI,4.9
ORD10581,2025-05-07,Vivo,Vivo V40,Mid Range,256GB,8GB,Female,19,Guwahati,East,1,34999,5,33249.05,25000,8249.05,Debit Card,3.8
ORD10582,2025-11-17,Vivo,Vivo V30,Mid Range,256GB,8GB,Male,34,Bengaluru,South,3,33999,15,86697.45,73500,13197.45,Net Banking,4.8
ORD10583,2025-05-24,Xiaomi,Xiaomi 14,Flagship,512GB,12GB,Female,26,Hyderabad,South,4,69999,15,237996.6,204000,33996.6,Net Banking,3.4
ORD10584,2025-12-14,Xiaomi,Redmi Note 13 Pro,Mid Range,256GB,8GB,Female,37,Chandigarh,North,2,29999,10,53998.2,43000,10998.2,Cash,4.8
ORD10585,2025-10-05,OnePlus,OnePlus 12,Flagship,256GB,12GB,Female,30,Delhi,North,2,64999,15,110498.3,96000,14498.3,Net Banking,4.8
ORD10586,2025-03-11,Realme,Realme GT 6,Flagship,256GB,12GB,Male,52,Jaipur,North,1,40999,10,36899.1,30000,6899.1,Credit Card,4.9
ORD10587,2025-06-12,OnePlus,OnePlus Nord CE 4,Budget,128GB,8GB,Other,44,Mumbai,West,3,24999,10,67497.3,54000,13497.3,Debit Card,3.7
ORD10588,2025-03-19,Xiaomi,Xiaomi 14,Flagship,512GB,12GB,Other,57,Delhi,North,1,69999,20,55999.2,51000,4999.2,Net Banking,4.3
ORD10589,2025-11-10,Xiaomi,Redmi 13C,Budget,128GB,6GB,Female,40,Chandigarh,North,1,11999,0,11999.0,8500,3499.0,Credit Card,3.3
ORD10590,2025-09-15,Motorola,Moto G85,Budget,128GB,8GB,Male,48,Jaipur,North,3,17999,10,48597.3,37500,11097.3,Credit Card,3.4
ORD10591,2025-01-17,Realme,Realme GT 6,Flagship,256GB,12GB,Male,60,Bengaluru,South,4,40999,5,155796.2,120000,35796.2,UPI,5.0
ORD10592,2025-04-01,Motorola,Moto G85,Budget,128GB,8GB,Male,45,Hyderabad,South,3,17999,5,51297.15,37500,13797.15,Net Banking,3.9
ORD10593,2025-07-14,Oppo,Oppo F25 Pro,Mid Range,128GB,8GB,Male,47,Pune,West,2,25999,10,46798.2,37000,9798.2,Credit Card,4.7
ORD10594,2025-09-23,Realme,Realme Narzo 70,Budget,128GB,8GB,Male,58,Pune,West,2,15999,10,28798.2,22000,6798.2,Debit Card,4.9
ORD10595,2025-08-14,Realme,Realme 12 Pro,Mid Range,256GB,8GB,Male,36,Chennai,South,2,29999,10,53998.2,43000,10998.2,Net Banking,4.3
ORD10596,2025-03-14,Motorola,Moto G85,Budget,128GB,8GB,Other,29,Ahmedabad,West,3,17999,0,53997.0,37500,16497.0,Net Banking,4.6
ORD10597,2025-03-11,Realme,Realme 12 Pro,Mid Range,256GB,8GB,Other,47,Hyderabad,South,2,29999,5,56998.1,43000,13998.1,Credit Card,4.3
ORD10598,2025-08-21,Apple,iPhone 15 Pro,Premium,256GB,8GB,Male,28,Hyderabad,South,2,119900,15,203830.0,178000,25830.0,UPI,4.5
ORD10599,2025-02-28,Motorola,Moto G85,Budget,128GB,8GB,Male,50,Ahmedabad,West,2,17999,10,32398.2,25000,7398.2,Cash,4.3
ORD10600,2025-10-09,Realme,Realme GT 6,Flagship,256GB,12GB,Male,60,Jaipur,North,4,40999,10,147596.4,120000,27596.4,Credit Card,4.8
ORD10601,2025-04-02,Samsung,Galaxy M35,Budget,128GB,6GB,Male,46,Chennai,South,1,19999,20,15999.2,14500,1499.2,UPI,3.7
ORD10602,2025-03-09,Xiaomi,Xiaomi 14,Flagship,512GB,12GB,Male,49,Bengaluru,South,1,69999,10,62999.1,51000,11999.1,Net Banking,4.2
ORD10603,2025-09-10,Xiaomi,Xiaomi 14,Flagship,512GB,12GB,Male,23,Guwahati,East,2,69999,10,125998.2,102000,23998.2,Credit Card,4.3
ORD10604,2025-10-08,Vivo,Vivo Y200,Budget,128GB,8GB,Male,21,Lucknow,North,1,21999,5,20899.05,15500,5399.05,Credit Card,4.4
ORD10605,2025-01-17,Vivo,Vivo V40,Mid Range,256GB,8GB,Female,29,Ahmedabad,West,1,34999,10,31499.1,25000,6499.1,Net Banking,3.5
ORD10606,2025-12-05,OnePlus,OnePlus 12R,Mid Range,256GB,8GB,Female,37,Kochi,South,4,42999,0,171996.0,126000,45996.0,UPI,3.8
ORD10607,2025-08-07,Apple,iPhone 15 Pro,Premium,256GB,8GB,Female,35,Guwahati,East,1,119900,15,101915.0,89000,12915.0,Net Banking,3.8
ORD10608,2025-04-18,Xiaomi,Redmi 13C,Budget,128GB,6GB,Male,58,Pune,West,1,11999,15,10199.15,8500,1699.15,Cash,4.2
ORD10609,2025-12-19,Vivo,Vivo V40,Mid Range,256GB,8GB,Male,57,Hyderabad,South,1,34999,10,31499.1,25000,6499.1,Net Banking,3.8
ORD10610,2025-10-16,Motorola,Moto G85,Budget,128GB,8GB,Male,32,Guwahati,East,3,17999,10,48597.3,37500,11097.3,UPI,4.5
ORD10611,2025-03-02,Samsung,Galaxy M35,Budget,128GB,6GB,Female,57,Surat,West,3,19999,5,56997.15,43500,13497.15,UPI,5.0
ORD10612,2025-06-20,Oppo,Oppo A3x,Budget,128GB,6GB,Male,36,Lucknow,North,1,15999,5,15199.05,11500,3699.05,Debit Card,3.7
ORD10613,2025-06-03,Oppo,Oppo Reno 11,Mid Range,256GB,8GB,Other,43,Surat,West,2,32999,5,62698.1,48000,14698.1,UPI,4.5
ORD10614,2025-03-31,Xiaomi,Redmi Note 13 Pro,Mid Range,256GB,8GB,Other,48,Hyderabad,South,4,29999,10,107996.4,86000,21996.4,Credit Card,4.6
ORD10615,2025-09-04,OnePlus,OnePlus Nord CE 4,Budget,128GB,8GB,Female,39,Patna,East,4,24999,10,89996.4,72000,17996.4,UPI,4.0
ORD10616,2025-09-24,Vivo,Vivo Y200,Budget,128GB,8GB,Female,31,Hyderabad,South,2,21999,0,43998.0,31000,12998.0,Debit Card,4.2
ORD10617,2025-02-03,OnePlus,OnePlus 12R,Mid Range,256GB,8GB,Male,58,Mumbai,West,1,42999,10,38699.1,31500,7199.1,Net Banking,4.2
ORD10618,2025-11-07,Realme,Realme GT 6,Flagship,256GB,12GB,Female,37,Surat,West,3,40999,20,98397.6,90000,8397.6,UPI,4.5
ORD10619,2025-05-20,Realme,Realme GT 6,Flagship,256GB,12GB,Female,46,Guwahati,East,3,40999,5,116847.15,90000,26847.15,Credit Card,4.7
ORD10620,2025-09-26,Vivo,Vivo V30,Mid Range,256GB,8GB,Female,30,Surat,West,1,33999,0,33999.0,24500,9499.0,Net Banking,4.8
ORD10621,2025-01-13,Motorola,Motorola Edge 50,Mid Range,256GB,8GB,Female,51,Lucknow,North,1,27999,10,25199.1,20000,5199.1,Credit Card,3.8
ORD10622,2025-02-20,OnePlus,OnePlus 12,Flagship,256GB,12GB,Female,51,Pune,West,2,64999,15,110498.3,96000,14498.3,UPI,3.4
ORD10623,2025-12-18,Apple,iPhone 15 Pro,Premium,256GB,8GB,Other,51,Patna,East,4,119900,0,479600.0,356000,123600.0,Debit Card,4.6
ORD10624,2025-01-12,Vivo,Vivo Y200,Budget,128GB,8GB,Female,36,Lucknow,North,1,21999,5,20899.05,15500,5399.05,Cash,3.7
ORD10625,2025-12-10,Apple,iPhone 15 Pro,Premium,256GB,8GB,Other,18,Delhi,North,1,119900,0,119900.0,89000,30900.0,Net Banking,4.9
ORD10626,2025-02-22,Xiaomi,Redmi 13C,Budget,128GB,6GB,Female,27,Kochi,South,2,11999,5,22798.1,17000,5798.1,Net Banking,4.9
ORD10627,2025-05-06,OnePlus,OnePlus 12,Flagship,256GB,12GB,Male,52,Chennai,South,2,64999,5,123498.1,96000,27498.1,UPI,4.0
ORD10628,2025-08-30,Samsung,Galaxy S24,Flagship,256GB,8GB,Other,43,Kolkata,East,1,69999,10,62999.1,52000,10999.1,Net Banking,3.5
ORD10629,2025-11-19,Motorola,Moto G85,Budget,128GB,8GB,Male,60,Chennai,South,1,17999,5,17099.05,12500,4599.05,Cash,4.7
ORD10630,2025-10-18,OnePlus,OnePlus 12,Flagship,256GB,12GB,Female,59,Patna,East,1,64999,5,61749.05,48000,13749.05,Cash,4.5
ORD10631,2025-04-29,Xiaomi,Xiaomi 14,Flagship,512GB,12GB,Other,29,Bengaluru,South,4,69999,10,251996.4,204000,47996.4,Debit Card,4.5
ORD10632,2025-06-16,Motorola,Moto G85,Budget,128GB,8GB,Male,40,Mumbai,West,1,17999,0,17999.0,12500,5499.0,Debit Card,4.1
ORD10633,2025-06-28,OnePlus,OnePlus Nord CE 4,Budget,128GB,8GB,Other,24,Surat,West,1,24999,15,21249.15,18000,3249.15,UPI,3.8
ORD10634,2025-06-04,Motorola,Moto G85,Budget,128GB,8GB,Female,53,Bhubaneswar,East,1,17999,5,17099.05,12500,4599.05,Cash,3.5
ORD10635,2025-02-03,Oppo,Oppo Reno 11,Mid Range,256GB,8GB,Other,54,Bhubaneswar,East,3,32999,10,89097.3,72000,17097.3,Credit Card,4.6
ORD10636,2025-03-30,Apple,iPhone 14,Flagship,128GB,6GB,Male,47,Guwahati,East,1,59900,10,53910.0,44000,9910.0,Cash,3.8
ORD10637,2025-04-01,Vivo,Vivo V40,Mid Range,256GB,8GB,Female,56,Ahmedabad,West,2,34999,15,59498.3,50000,9498.3,Debit Card,4.6
ORD10638,2025-09-11,Samsung,Galaxy S24,Flagship,256GB,8GB,Male,58,Lucknow,North,3,69999,10,188997.3,156000,32997.3,Credit Card,4.7
ORD10639,2025-08-20,Vivo,Vivo V40,Mid Range,256GB,8GB,Other,38,Patna,East,1,34999,15,29749.15,25000,4749.15,Debit Card,3.7
ORD10640,2025-08-11,Oppo,Oppo Reno 11,Mid Range,256GB,8GB,Female,43,Mumbai,West,2,32999,10,59398.2,48000,11398.2,UPI,4.7
ORD10641,2025-07-09,Samsung,Galaxy S24,Flagship,256GB,8GB,Other,19,Kochi,South,1,69999,5,66499.05,52000,14499.05,Net Banking,3.6
ORD10642,2025-07-21,Oppo,Oppo A3x,Budget,128GB,6GB,Male,52,Kolkata,East,1,15999,10,14399.1,11500,2899.1,Cash,3.6
ORD10643,2025-03-13,Xiaomi,Redmi 13C,Budget,128GB,6GB,Other,44,Kolkata,East,3,11999,5,34197.15,25500,8697.15,Credit Card,3.5
ORD10644,2025-03-10,Samsung,Galaxy S24,Flagship,256GB,8GB,Male,60,Mumbai,West,1,69999,10,62999.1,52000,10999.1,UPI,4.0
ORD10645,2025-03-12,Realme,Realme 12 Pro,Mid Range,256GB,8GB,Female,50,Bhubaneswar,East,2,29999,10,53998.2,43000,10998.2,Cash,4.0
ORD10646,2025-07-01,Xiaomi,Xiaomi 14,Flagship,512GB,12GB,Male,49,Bhubaneswar,East,2,69999,10,125998.2,102000,23998.2,Net Banking,4.7
ORD10647,2025-05-18,Realme,Realme Narzo 70,Budget,128GB,8GB,Female,54,Kochi,South,1,15999,0,15999.0,11000,4999.0,UPI,4.1
ORD10648,2025-10-25,Motorola,Motorola Edge 50,Mid Range,256GB,8GB,Male,35,Delhi,North,3,27999,10,75597.3,60000,15597.3,Net Banking,4.0
ORD10649,2025-11-09,Apple,iPhone 15,Flagship,128GB,6GB,Other,60,Guwahati,East,2,69900,15,118830.0,102000,16830.0,Net Banking,3.3
ORD10650,2025-10-24,Vivo,Vivo Y200,Budget,128GB,8GB,Other,18,Pune,West,4,21999,10,79196.4,62000,17196.4,Cash,4.0
ORD10651,2025-10-21,Oppo,Oppo F25 Pro,Mid Range,128GB,8GB,Male,36,Kochi,South,5,25999,20,103996.0,92500,11496.0,Net Banking,3.7
ORD10652,2025-06-05,Vivo,Vivo V30,Mid Range,256GB,8GB,Female,21,Guwahati,East,2,33999,10,61198.2,49000,12198.2,Net Banking,4.4
ORD10653,2025-01-14,Vivo,Vivo V40,Mid Range,256GB,8GB,Other,35,Ahmedabad,West,1,34999,0,34999.0,25000,9999.0,Debit Card,3.7
ORD10654,2025-05-21,Vivo,Vivo V30,Mid Range,256GB,8GB,Female,27,Surat,West,2,33999,10,61198.2,49000,12198.2,Credit Card,4.4
ORD10655,2025-05-14,Xiaomi,Redmi Note 13 Pro,Mid Range,256GB,8GB,Male,20,Jaipur,North,3,29999,20,71997.6,64500,7497.6,Credit Card,3.8
ORD10656,2025-11-01,OnePlus,OnePlus 12R,Mid Range,256GB,8GB,Other,60,Bhubaneswar,East,3,42999,5,122547.15,94500,28047.15,Credit Card,4.0
ORD10657,2025-04-18,Oppo,Oppo Reno 11,Mid Range,256GB,8GB,Female,21,Bengaluru,South,3,32999,0,98997.0,72000,26997.0,Cash,3.5
ORD10658,2025-06-04,Motorola,Motorola Edge 50,Mid Range,256GB,8GB,Other,48,Kolkata,East,2,27999,10,50398.2,40000,10398.2,Cash,3.7
ORD10659,2025-01-07,Vivo,Vivo V40,Mid Range,256GB,8GB,Other,20,Kolkata,East,2,34999,10,62998.2,50000,12998.2,Debit Card,3.4
ORD10660,2025-08-10,Vivo,Vivo V40,Mid Range,256GB,8GB,Female,34,Bengaluru,South,1,34999,0,34999.0,25000,9999.0,Cash,4.4
ORD10661,2025-12-12,Xiaomi,Redmi 13C,Budget,128GB,6GB,Male,29,Lucknow,North,2,11999,15,20398.3,17000,3398.3,UPI,3.8
ORD10662,2025-02-04,Samsung,Galaxy M35,Budget,128GB,6GB,Other,46,Surat,West,2,19999,15,33998.3,29000,4998.3,Debit Card,3.8
ORD10663,2025-05-09,Xiaomi,Xiaomi 14,Flagship,512GB,12GB,Male,56,Mumbai,West,2,69999,0,139998.0,102000,37998.0,Net Banking,4.4
ORD10664,2025-11-23,Apple,iPhone 14,Flagship,128GB,6GB,Other,26,Surat,West,1,59900,10,53910.0,44000,9910.0,Net Banking,3.9
ORD10665,2025-04-05,Apple,iPhone 14,Flagship,128GB,6GB,Other,60,Jaipur,North,1,59900,10,53910.0,44000,9910.0,Cash,4.9
ORD10666,2025-05-22,Realme,Realme Narzo 70,Budget,128GB,8GB,Male,22,Hyderabad,South,1,15999,20,12799.2,11000,1799.2,Cash,3.7
ORD10667,2025-07-18,Oppo,Oppo Reno 11,Mid Range,256GB,8GB,Female,29,Bengaluru,South,4,32999,5,125396.2,96000,29396.2,Credit Card,4.0
ORD10668,2025-11-09,Realme,Realme GT 6,Flagship,256GB,12GB,Other,45,Guwahati,East,1,40999,10,36899.1,30000,6899.1,UPI,3.6
ORD10669,2025-08-15,Vivo,Vivo V30,Mid Range,256GB,8GB,Male,34,Pune,West,1,33999,10,30599.1,24500,6099.1,Cash,4.6
ORD10670,2025-03-18,Samsung,Galaxy S24,Flagship,256GB,8GB,Other,39,Kolkata,East,1,69999,15,59499.15,52000,7499.15,UPI,4.8
ORD10671,2025-09-21,Motorola,Moto G85,Budget,128GB,8GB,Male,22,Bhubaneswar,East,1,17999,15,15299.15,12500,2799.15,Cash,4.2
ORD10672,2025-12-19,Motorola,Motorola Edge 50,Mid Range,256GB,8GB,Other,43,Kochi,South,1,27999,5,26599.05,20000,6599.05,UPI,3.3
ORD10673,2025-07-07,Oppo,Oppo Reno 11,Mid Range,256GB,8GB,Other,59,Patna,East,3,32999,5,94047.15,72000,22047.15,UPI,3.6
ORD10674,2025-07-16,Xiaomi,Redmi Note 13 Pro,Mid Range,256GB,8GB,Other,40,Kolkata,East,4,29999,15,101996.6,86000,15996.6,Cash,4.1
ORD10675,2025-04-08,OnePlus,OnePlus 12,Flagship,256GB,12GB,Male,33,Lucknow,North,1,64999,10,58499.1,48000,10499.1,Net Banking,4.1
ORD10676,2025-11-26,Vivo,Vivo V40,Mid Range,256GB,8GB,Female,20,Patna,East,5,34999,0,174995.0,125000,49995.0,UPI,3.8
ORD10677,2025-07-27,Apple,iPhone 15,Flagship,128GB,6GB,Other,52,Patna,East,4,69900,20,223680.0,204000,19680.0,Credit Card,3.5
ORD10678,2025-02-06,Samsung,Galaxy A55,Mid Range,128GB,8GB,Other,57,Guwahati,East,2,44999,10,80998.2,66000,14998.2,Credit Card,3.3
ORD10679,2025-01-08,OnePlus,OnePlus Nord CE 4,Budget,128GB,8GB,Male,24,Pune,West,4,24999,20,79996.8,72000,7996.8,Net Banking,4.0
ORD10680,2025-02-02,Apple,iPhone 15,Flagship,128GB,6GB,Male,32,Guwahati,East,2,69900,10,125820.0,102000,23820.0,Cash,3.3
ORD10681,2025-06-22,Realme,Realme 12 Pro,Mid Range,256GB,8GB,Male,52,Surat,West,5,29999,10,134995.5,107500,27495.5,UPI,3.4
ORD10682,2025-10-31,OnePlus,OnePlus 12R,Mid Range,256GB,8GB,Female,44,Ahmedabad,West,1,42999,5,40849.05,31500,9349.05,Net Banking,3.5
ORD10683,2025-03-26,Motorola,Motorola Edge 50,Mid Range,256GB,8GB,Male,58,Pune,West,1,27999,20,22399.2,20000,2399.2,UPI,4.3
ORD10684,2025-09-07,Apple,iPhone 15,Flagship,128GB,6GB,Female,59,Mumbai,West,1,69900,0,69900.0,51000,18900.0,Cash,4.3
ORD10685,2025-12-22,Motorola,Motorola Edge 50,Mid Range,256GB,8GB,Male,51,Lucknow,North,1,27999,5,26599.05,20000,6599.05,Credit Card,4.0
ORD10686,2025-11-09,Samsung,Galaxy A55,Mid Range,128GB,8GB,Female,58,Guwahati,East,2,44999,0,89998.0,66000,23998.0,Debit Card,4.7
ORD10687,2025-08-03,Samsung,Galaxy A55,Mid Range,128GB,8GB,Other,24,Lucknow,North,1,44999,10,40499.1,33000,7499.1,Net Banking,4.3
ORD10688,2025-04-23,Motorola,Motorola Edge 50,Mid Range,256GB,8GB,Female,27,Bengaluru,South,1,27999,0,27999.0,20000,7999.0,Cash,4.4
ORD10689,2025-04-01,OnePlus,OnePlus Nord CE 4,Budget,128GB,8GB,Female,36,Pune,West,1,24999,5,23749.05,18000,5749.05,Debit Card,3.6
ORD10690,2025-11-12,Motorola,Motorola Edge 50,Mid Range,256GB,8GB,Male,29,Surat,West,3,27999,10,75597.3,60000,15597.3,Cash,3.5
ORD10691,2025-09-21,Apple,iPhone 15,Flagship,128GB,6GB,Male,55,Chandigarh,North,3,69900,10,188730.0,153000,35730.0,Debit Card,3.8
ORD10692,2025-04-28,Apple,iPhone 15 Pro,Premium,256GB,8GB,Female,44,Chandigarh,North,1,119900,15,101915.0,89000,12915.0,Credit Card,4.8
ORD10693,2025-02-07,Motorola,Moto G85,Budget,128GB,8GB,Female,31,Pune,West,4,17999,5,68396.2,50000,18396.2,Credit Card,4.9
ORD10694,2025-07-18,Oppo,Oppo Reno 11,Mid Range,256GB,8GB,Male,40,Patna,East,2,32999,15,56098.3,48000,8098.3,Debit Card,5.0
ORD10695,2025-03-07,Samsung,Galaxy S24,Flagship,256GB,8GB,Male,47,Bengaluru,South,1,69999,20,55999.2,52000,3999.2,Debit Card,4.0
ORD10696,2025-04-23,Vivo,Vivo Y200,Budget,128GB,8GB,Other,57,Jaipur,North,3,21999,15,56097.45,46500,9597.45,Net Banking,4.8
ORD10697,2025-04-28,Apple,iPhone 15 Pro,Premium,256GB,8GB,Female,55,Guwahati,East,3,119900,5,341715.0,267000,74715.0,Debit Card,4.1
ORD10698,2025-01-08,Realme,Realme Narzo 70,Budget,128GB,8GB,Other,55,Chandigarh,North,1,15999,10,14399.1,11000,3399.1,Credit Card,3.6
ORD10699,2025-10-21,Samsung,Galaxy M35,Budget,128GB,6GB,Other,50,Pune,West,1,19999,10,17999.1,14500,3499.1,Cash,3.3
ORD10700,2025-09-03,Apple,iPhone 15 Pro,Premium,256GB,8GB,Female,18,Guwahati,East,1,119900,10,107910.0,89000,18910.0,Credit Card,4.4
ORD10701,2025-03-09,Oppo,Oppo F25 Pro,Mid Range,128GB,8GB,Female,19,Chandigarh,North,2,25999,0,51998.0,37000,14998.0,Credit Card,4.1
ORD10702,2025-12-27,Motorola,Motorola Edge 50,Mid Range,256GB,8GB,Female,43,Patna,East,2,27999,5,53198.1,40000,13198.1,Cash,3.5
ORD10703,2025-12-27,Samsung,Galaxy S24,Flagship,256GB,8GB,Female,51,Kolkata,East,4,69999,5,265996.2,208000,57996.2,Debit Card,3.3
ORD10704,2025-12-24,Xiaomi,Redmi 13C,Budget,128GB,6GB,Other,21,Ahmedabad,West,2,11999,5,22798.1,17000,5798.1,Debit Card,4.1
ORD10705,2025-01-27,Apple,iPhone 15 Pro,Premium,256GB,8GB,Other,41,Kochi,South,2,119900,0,239800.0,178000,61800.0,Net Banking,3.9
ORD10706,2025-12-27,Apple,iPhone 14,Flagship,128GB,6GB,Other,33,Lucknow,North,1,59900,5,56905.0,44000,12905.0,Cash,4.2
ORD10707,2025-10-25,Xiaomi,Redmi 13C,Budget,128GB,6GB,Female,50,Chandigarh,North,1,11999,5,11399.05,8500,2899.05,UPI,4.4
ORD10708,2025-02-02,Oppo,Oppo F25 Pro,Mid Range,128GB,8GB,Other,25,Patna,East,2,25999,10,46798.2,37000,9798.2,Net Banking,4.0
ORD10709,2025-05-30,Motorola,Moto G85,Budget,128GB,8GB,Male,23,Ahmedabad,West,1,17999,10,16199.1,12500,3699.1,Debit Card,3.3
ORD10710,2025-02-09,Apple,iPhone 15,Flagship,128GB,6GB,Male,49,Bengaluru,South,1,69900,5,66405.0,51000,15405.0,Net Banking,3.5
ORD10711,2025-11-18,Samsung,Galaxy A35,Mid Range,128GB,8GB,Female,26,Bhubaneswar,East,5,34999,10,157495.5,130000,27495.5,Cash,4.1
ORD10712,2025-11-27,Samsung,Galaxy A35,Mid Range,128GB,8GB,Other,32,Lucknow,North,1,34999,20,27999.2,26000,1999.2,Debit Card,4.7
ORD10713,2025-07-30,Oppo,Oppo A3x,Budget,128GB,6GB,Female,51,Hyderabad,South,2,15999,15,27198.3,23000,4198.3,Cash,4.7
ORD10714,2025-06-05,OnePlus,OnePlus 12R,Mid Range,256GB,8GB,Female,48,Jaipur,North,3,42999,5,122547.15,94500,28047.15,UPI,3.9
ORD10715,2025-03-17,Oppo,Oppo F25 Pro,Mid Range,128GB,8GB,Female,28,Patna,East,4,25999,10,93596.4,74000,19596.4,Credit Card,4.5
ORD10716,2025-03-31,OnePlus,OnePlus 12,Flagship,256GB,12GB,Female,54,Chandigarh,North,1,64999,5,61749.05,48000,13749.05,Debit Card,3.4
ORD10717,2025-04-05,Xiaomi,Redmi 13C,Budget,128GB,6GB,Other,27,Pune,West,2,11999,5,22798.1,17000,5798.1,Credit Card,3.9
ORD10718,2025-10-01,Vivo,Vivo V30,Mid Range,256GB,8GB,Female,27,Mumbai,West,1,33999,10,30599.1,24500,6099.1,Credit Card,4.9
ORD10719,2025-01-03,Oppo,Oppo A3x,Budget,128GB,6GB,Other,54,Chennai,South,2,15999,5,30398.1,23000,7398.1,Cash,4.4
ORD10720,2025-06-23,Apple,iPhone 14,Flagship,128GB,6GB,Male,53,Guwahati,East,4,59900,5,227620.0,176000,51620.0,Cash,3.4
ORD10721,2025-11-13,Xiaomi,Redmi Note 13 Pro,Mid Range,256GB,8GB,Other,56,Kochi,South,1,29999,0,29999.0,21500,8499.0,Net Banking,4.4
ORD10722,2025-04-24,Vivo,Vivo V30,Mid Range,256GB,8GB,Male,46,Mumbai,West,1,33999,20,27199.2,24500,2699.2,Net Banking,4.4
ORD10723,2025-07-21,Xiaomi,Redmi Note 13 Pro,Mid Range,256GB,8GB,Female,21,Hyderabad,South,2,29999,10,53998.2,43000,10998.2,Cash,4.8
ORD10724,2025-03-17,Realme,Realme 12 Pro,Mid Range,256GB,8GB,Female,40,Kolkata,East,1,29999,5,28499.05,21500,6999.05,Net Banking,3.8
ORD10725,2025-02-14,Xiaomi,Redmi 13C,Budget,128GB,6GB,Other,46,Patna,East,3,11999,10,32397.3,25500,6897.3,Cash,3.7
ORD10726,2025-08-01,OnePlus,OnePlus Nord CE 4,Budget,128GB,8GB,Other,48,Ahmedabad,West,1,24999,5,23749.05,18000,5749.05,Debit Card,5.0
ORD10727,2025-02-03,Realme,Realme GT 6,Flagship,256GB,12GB,Female,44,Mumbai,West,1,40999,5,38949.05,30000,8949.05,Net Banking,3.5
ORD10728,2025-03-12,Xiaomi,Xiaomi 14,Flagship,512GB,12GB,Female,20,Kolkata,East,1,69999,10,62999.1,51000,11999.1,Net Banking,4.7
ORD10729,2025-06-05,Motorola,Moto G85,Budget,128GB,8GB,Other,27,Chandigarh,North,1,17999,0,17999.0,12500,5499.0,Cash,3.7
ORD10730,2025-03-05,Vivo,Vivo V40,Mid Range,256GB,8GB,Male,59,Jaipur,North,2,34999,15,59498.3,50000,9498.3,Debit Card,3.6
ORD10731,2025-09-10,Apple,iPhone 14,Flagship,128GB,6GB,Other,45,Kochi,South,2,59900,10,107820.0,88000,19820.0,Cash,4.8
ORD10732,2025-12-22,Apple,iPhone 15 Pro,Premium,256GB,8GB,Female,55,Mumbai,West,3,119900,5,341715.0,267000,74715.0,Cash,3.3
ORD10733,2025-12-21,OnePlus,OnePlus 12R,Mid Range,256GB,8GB,Female,44,Jaipur,North,1,42999,5,40849.05,31500,9349.05,UPI,4.3
ORD10734,2025-05-29,Vivo,Vivo Y200,Budget,128GB,8GB,Male,58,Ahmedabad,West,2,21999,20,35198.4,31000,4198.4,Net Banking,3.5
ORD10735,2025-03-27,Oppo,Oppo F25 Pro,Mid Range,128GB,8GB,Other,41,Chennai,South,1,25999,15,22099.15,18500,3599.15,Debit Card,3.4
ORD10736,2025-03-15,Samsung,Galaxy A55,Mid Range,128GB,8GB,Male,44,Chennai,South,1,44999,10,40499.1,33000,7499.1,UPI,3.8
ORD10737,2025-04-22,OnePlus,OnePlus Nord CE 4,Budget,128GB,8GB,Other,53,Chandigarh,North,3,24999,20,59997.6,54000,5997.6,Net Banking,4.3
ORD10738,2025-12-31,Apple,iPhone 15 Pro,Premium,256GB,8GB,Female,26,Patna,East,4,119900,0,479600.0,356000,123600.0,Debit Card,4.9
ORD10739,2025-06-09,Oppo,Oppo Reno 11,Mid Range,256GB,8GB,Female,51,Patna,East,4,32999,10,118796.4,96000,22796.4,Credit Card,4.6
ORD10740,2025-12-30,Vivo,Vivo V30,Mid Range,256GB,8GB,Female,27,Surat,West,1,33999,20,27199.2,24500,2699.2,Credit Card,4.4
ORD10741,2025-04-18,OnePlus,OnePlus 12,Flagship,256GB,12GB,Female,25,Bhubaneswar,East,2,64999,20,103998.4,96000,7998.4,Cash,3.3
ORD10742,2025-01-22,Xiaomi,Xiaomi 14,Flagship,512GB,12GB,Male,55,Pune,West,3,69999,10,188997.3,153000,35997.3,Debit Card,3.3
ORD10743,2025-01-23,Apple,iPhone 15 Pro,Premium,256GB,8GB,Male,25,Mumbai,West,3,119900,20,287760.0,267000,20760.0,Net Banking,4.9
ORD10744,2025-04-13,OnePlus,OnePlus Nord CE 4,Budget,128GB,8GB,Female,35,Kochi,South,1,24999,5,23749.05,18000,5749.05,Debit Card,4.9
ORD10745,2025-03-24,Xiaomi,Redmi 13C,Budget,128GB,6GB,Other,18,Ahmedabad,West,1,11999,10,10799.1,8500,2299.1,Credit Card,4.2
ORD10746,2025-05-25,OnePlus,OnePlus Nord CE 4,Budget,128GB,8GB,Other,31,Mumbai,West,5,24999,0,124995.0,90000,34995.0,Cash,4.9
ORD10747,2025-07-07,OnePlus,OnePlus 12R,Mid Range,256GB,8GB,Other,42,Surat,West,1,42999,5,40849.05,31500,9349.05,Credit Card,4.0
ORD10748,2025-07-28,Apple,iPhone 15 Pro,Premium,256GB,8GB,Female,26,Surat,West,2,119900,10,215820.0,178000,37820.0,Debit Card,4.1
ORD10749,2025-10-13,Samsung,Galaxy S24,Flagship,256GB,8GB,Other,36,Hyderabad,South,2,69999,10,125998.2,104000,21998.2,Debit Card,4.0
ORD10750,2025-12-18,Motorola,Motorola Edge 50,Mid Range,256GB,8GB,Male,45,Bhubaneswar,East,1,27999,20,22399.2,20000,2399.2,Cash,3.5
ORD10751,2025-12-14,Oppo,Oppo Reno 11,Mid Range,256GB,8GB,Other,24,Mumbai,West,5,32999,10,148495.5,120000,28495.5,UPI,3.9
ORD10752,2025-03-03,OnePlus,OnePlus 12R,Mid Range,256GB,8GB,Male,28,Kolkata,East,2,42999,0,85998.0,63000,22998.0,Debit Card,3.3
ORD10753,2025-04-13,Realme,Realme GT 6,Flagship,256GB,12GB,Other,49,Chandigarh,North,3,40999,15,104547.45,90000,14547.45,Net Banking,3.7
ORD10754,2025-10-31,Vivo,Vivo Y200,Budget,128GB,8GB,Female,56,Kolkata,East,1,21999,15,18699.15,15500,3199.15,Net Banking,4.9
ORD10755,2025-05-23,OnePlus,OnePlus 12R,Mid Range,256GB,8GB,Male,49,Surat,West,1,42999,10,38699.1,31500,7199.1,UPI,3.6
ORD10756,2025-02-20,Samsung,Galaxy S24,Flagship,256GB,8GB,Female,42,Guwahati,East,2,69999,5,132998.1,104000,28998.1,Credit Card,4.3
ORD10757,2025-06-05,Apple,iPhone 15,Flagship,128GB,6GB,Female,36,Guwahati,East,3,69900,5,199215.0,153000,46215.0,Net Banking,4.4
ORD10758,2025-05-14,Oppo,Oppo A3x,Budget,128GB,6GB,Male,45,Mumbai,West,4,15999,0,63996.0,46000,17996.0,Cash,4.8
ORD10759,2025-08-19,Oppo,Oppo F25 Pro,Mid Range,128GB,8GB,Female,29,Patna,East,2,25999,0,51998.0,37000,14998.0,Credit Card,4.2
ORD10760,2025-09-09,Realme,Realme GT 6,Flagship,256GB,12GB,Female,25,Chennai,South,2,40999,10,73798.2,60000,13798.2,Net Banking,4.2
ORD10761,2025-12-17,Motorola,Moto G85,Budget,128GB,8GB,Female,34,Jaipur,North,2,17999,10,32398.2,25000,7398.2,Net Banking,4.1
ORD10762,2025-12-13,Oppo,Oppo F25 Pro,Mid Range,128GB,8GB,Female,20,Hyderabad,South,1,25999,10,23399.1,18500,4899.1,Debit Card,3.4
ORD10763,2025-10-26,Samsung,Galaxy A35,Mid Range,128GB,8GB,Male,40,Kolkata,East,1,34999,5,33249.05,26000,7249.05,Credit Card,3.9
ORD10764,2025-05-07,Xiaomi,Redmi 13C,Budget,128GB,6GB,Male,22,Chennai,South,2,11999,15,20398.3,17000,3398.3,Debit Card,4.8
ORD10765,2025-03-28,Samsung,Galaxy A35,Mid Range,128GB,8GB,Female,45,Pune,West,2,34999,20,55998.4,52000,3998.4,Debit Card,4.2
ORD10766,2025-01-11,Motorola,Motorola Edge 50,Mid Range,256GB,8GB,Female,38,Hyderabad,South,1,27999,10,25199.1,20000,5199.1,UPI,4.2
ORD10767,2025-12-20,Xiaomi,Redmi Note 13 Pro,Mid Range,256GB,8GB,Other,60,Guwahati,East,2,29999,20,47998.4,43000,4998.4,Debit Card,3.8
ORD10768,2025-07-06,Realme,Realme GT 6,Flagship,256GB,12GB,Other,22,Guwahati,East,2,40999,20,65598.4,60000,5598.4,Credit Card,4.7
ORD10769,2025-05-28,Vivo,Vivo V30,Mid Range,256GB,8GB,Male,32,Chennai,South,5,33999,10,152995.5,122500,30495.5,Net Banking,4.3
ORD10770,2025-02-18,Oppo,Oppo F25 Pro,Mid Range,128GB,8GB,Female,48,Ahmedabad,West,2,25999,10,46798.2,37000,9798.2,UPI,4.0
ORD10771,2025-11-30,Vivo,Vivo Y200,Budget,128GB,8GB,Female,38,Chennai,South,2,21999,10,39598.2,31000,8598.2,Debit Card,3.6
ORD10772,2025-11-16,Motorola,Motorola Edge 50,Mid Range,256GB,8GB,Male,29,Mumbai,West,2,27999,10,50398.2,40000,10398.2,Cash,4.2
ORD10773,2025-05-18,Realme,Realme Narzo 70,Budget,128GB,8GB,Male,47,Pune,West,2,15999,5,30398.1,22000,8398.1,Debit Card,3.5
ORD10774,2025-08-11,Realme,Realme 12 Pro,Mid Range,256GB,8GB,Female,44,Ahmedabad,West,2,29999,20,47998.4,43000,4998.4,Credit Card,3.7
ORD10775,2025-05-12,Xiaomi,Redmi Note 13 Pro,Mid Range,256GB,8GB,Female,19,Chandigarh,North,1,29999,5,28499.05,21500,6999.05,Cash,3.6
ORD10776,2025-09-06,Realme,Realme 12 Pro,Mid Range,256GB,8GB,Female,26,Pune,West,1,29999,5,28499.05,21500,6999.05,Net Banking,3.3
ORD10777,2025-04-01,Samsung,Galaxy M35,Budget,128GB,6GB,Male,38,Mumbai,West,1,19999,0,19999.0,14500,5499.0,Cash,4.3
ORD10778,2025-07-06,Apple,iPhone 15 Pro,Premium,256GB,8GB,Other,50,Delhi,North,1,119900,10,107910.0,89000,18910.0,Net Banking,4.9
ORD10779,2025-09-26,Vivo,Vivo V40,Mid Range,256GB,8GB,Other,38,Ahmedabad,West,1,34999,0,34999.0,25000,9999.0,Cash,3.8
ORD10780,2025-05-01,Realme,Realme GT 6,Flagship,256GB,12GB,Female,35,Delhi,North,1,40999,5,38949.05,30000,8949.05,Net Banking,4.0
ORD10781,2025-01-29,Motorola,Moto G85,Budget,128GB,8GB,Female,48,Surat,West,1,17999,10,16199.1,12500,3699.1,Credit Card,4.4
ORD10782,2025-07-05,Motorola,Moto G85,Budget,128GB,8GB,Other,20,Chennai,South,1,17999,10,16199.1,12500,3699.1,UPI,4.7
ORD10783,2025-12-20,Xiaomi,Redmi Note 13 Pro,Mid Range,256GB,8GB,Other,41,Kolkata,East,1,29999,15,25499.15,21500,3999.15,UPI,4.8
ORD10784,2025-10-01,Xiaomi,Redmi Note 13 Pro,Mid Range,256GB,8GB,Male,34,Kolkata,East,1,29999,10,26999.1,21500,5499.1,Debit Card,3.7
ORD10785,2025-04-18,OnePlus,OnePlus 12R,Mid Range,256GB,8GB,Male,59,Hyderabad,South,3,42999,20,103197.6,94500,8697.6,Debit Card,3.9
ORD10786,2025-02-11,Motorola,Moto G85,Budget,128GB,8GB,Male,45,Bhubaneswar,East,4,17999,5,68396.2,50000,18396.2,Credit Card,4.8
ORD10787,2025-12-24,Vivo,Vivo Y200,Budget,128GB,8GB,Female,53,Ahmedabad,West,1,21999,10,19799.1,15500,4299.1,UPI,4.5
ORD10788,2025-01-27,OnePlus,OnePlus Nord CE 4,Budget,128GB,8GB,Other,18,Patna,East,3,24999,5,71247.15,54000,17247.15,Debit Card,3.9
ORD10789,2025-06-10,Apple,iPhone 15,Flagship,128GB,6GB,Other,59,Jaipur,North,1,69900,15,59415.0,51000,8415.0,Cash,4.6
ORD10790,2025-06-13,Motorola,Moto G85,Budget,128GB,8GB,Female,55,Delhi,North,1,17999,15,15299.15,12500,2799.15,Credit Card,4.7
ORD10791,2025-02-13,Realme,Realme 12 Pro,Mid Range,256GB,8GB,Male,54,Jaipur,North,1,29999,10,26999.1,21500,5499.1,Net Banking,3.6
ORD10792,2025-11-28,Xiaomi,Xiaomi 14,Flagship,512GB,12GB,Other,28,Patna,East,1,69999,15,59499.15,51000,8499.15,Cash,3.3
ORD10793,2025-11-04,Vivo,Vivo V30,Mid Range,256GB,8GB,Other,54,Ahmedabad,West,4,33999,5,129196.2,98000,31196.2,Net Banking,3.4
ORD10794,2025-08-11,Motorola,Moto G85,Budget,128GB,8GB,Female,30,Surat,West,1,17999,5,17099.05,12500,4599.05,Debit Card,4.9
ORD10795,2025-09-11,Realme,Realme GT 6,Flagship,256GB,12GB,Female,31,Bhubaneswar,East,3,40999,10,110697.3,90000,20697.3,Credit Card,5.0
ORD10796,2025-08-03,OnePlus,OnePlus 12R,Mid Range,256GB,8GB,Male,33,Delhi,North,1,42999,5,40849.05,31500,9349.05,Debit Card,4.3
ORD10797,2025-10-26,Motorola,Motorola Edge 50,Mid Range,256GB,8GB,Female,38,Mumbai,West,2,27999,20,44798.4,40000,4798.4,Credit Card,5.0
ORD10798,2025-07-16,Realme,Realme Narzo 70,Budget,128GB,8GB,Male,21,Bengaluru,South,1,15999,10,14399.1,11000,3399.1,Cash,3.3
ORD10799,2025-07-01,Samsung,Galaxy S24,Flagship,256GB,8GB,Other,37,Bengaluru,South,2,69999,10,125998.2,104000,21998.2,Debit Card,5.0
ORD10800,2025-03-09,Samsung,Galaxy A55,Mid Range,128GB,8GB,Male,39,Bengaluru,South,1,44999,10,40499.1,33000,7499.1,UPI,4.8
ORD10801,2025-06-12,Realme,Realme GT 6,Flagship,256GB,12GB,Female,26,Bengaluru,South,1,40999,0,40999.0,30000,10999.0,Debit Card,4.1
ORD10802,2025-08-09,Vivo,Vivo V40,Mid Range,256GB,8GB,Female,28,Bengaluru,South,2,34999,10,62998.2,50000,12998.2,Credit Card,3.8
ORD10803,2025-10-12,Motorola,Motorola Edge 50,Mid Range,256GB,8GB,Female,29,Lucknow,North,1,27999,5,26599.05,20000,6599.05,Credit Card,3.3
ORD10804,2025-12-28,Motorola,Moto G85,Budget,128GB,8GB,Other,20,Surat,West,5,17999,10,80995.5,62500,18495.5,Net Banking,4.0
ORD10805,2025-09-06,Motorola,Moto G85,Budget,128GB,8GB,Male,27,Surat,West,3,17999,20,43197.6,37500,5697.6,Credit Card,3.4
ORD10806,2025-05-26,OnePlus,OnePlus 12,Flagship,256GB,12GB,Male,55,Bengaluru,South,2,64999,15,110498.3,96000,14498.3,Net Banking,3.6
ORD10807,2025-10-20,OnePlus,OnePlus 12R,Mid Range,256GB,8GB,Male,24,Ahmedabad,West,1,42999,10,38699.1,31500,7199.1,Debit Card,4.8
ORD10808,2025-12-15,Apple,iPhone 15 Pro,Premium,256GB,8GB,Male,38,Kochi,South,2,119900,0,239800.0,178000,61800.0,Cash,3.5
ORD10809,2025-12-29,Motorola,Moto G85,Budget,128GB,8GB,Other,39,Bengaluru,South,2,17999,0,35998.0,25000,10998.0,Net Banking,4.9
ORD10810,2025-08-20,Oppo,Oppo A3x,Budget,128GB,6GB,Male,59,Delhi,North,1,15999,0,15999.0,11500,4499.0,UPI,3.7
ORD10811,2025-10-08,Realme,Realme GT 6,Flagship,256GB,12GB,Male,43,Kolkata,East,1,40999,5,38949.05,30000,8949.05,Credit Card,3.4
ORD10812,2025-07-18,Realme,Realme 12 Pro,Mid Range,256GB,8GB,Female,45,Delhi,North,1,29999,10,26999.1,21500,5499.1,Net Banking,4.5
ORD10813,2025-03-09,Oppo,Oppo A3x,Budget,128GB,6GB,Female,30,Surat,West,3,15999,10,43197.3,34500,8697.3,Cash,4.1
ORD10814,2025-05-18,Realme,Realme GT 6,Flagship,256GB,12GB,Female,29,Bhubaneswar,East,3,40999,10,110697.3,90000,20697.3,UPI,4.0
ORD10815,2025-01-21,Oppo,Oppo F25 Pro,Mid Range,128GB,8GB,Other,27,Chandigarh,North,2,25999,15,44198.3,37000,7198.3,Net Banking,4.9
ORD10816,2025-02-12,Vivo,Vivo V40,Mid Range,256GB,8GB,Male,48,Bhubaneswar,East,1,34999,20,27999.2,25000,2999.2,Debit Card,3.7
ORD10817,2025-05-08,Realme,Realme 12 Pro,Mid Range,256GB,8GB,Female,50,Pune,West,2,29999,0,59998.0,43000,16998.0,Cash,3.4
ORD10818,2025-02-18,Motorola,Moto G85,Budget,128GB,8GB,Other,50,Kochi,South,1,17999,0,17999.0,12500,5499.0,Cash,3.2
ORD10819,2025-04-02,OnePlus,OnePlus 12R,Mid Range,256GB,8GB,Other,37,Pune,West,1,42999,15,36549.15,31500,5049.15,Cash,3.8
ORD10820,2025-12-10,Motorola,Moto G85,Budget,128GB,8GB,Male,29,Hyderabad,South,5,17999,20,71996.0,62500,9496.0,Net Banking,3.6
ORD10821,2025-05-13,Apple,iPhone 15 Pro,Premium,256GB,8GB,Female,18,Mumbai,West,1,119900,0,119900.0,89000,30900.0,Cash,3.5
ORD10822,2025-12-21,Realme,Realme Narzo 70,Budget,128GB,8GB,Other,57,Guwahati,East,1,15999,20,12799.2,11000,1799.2,Cash,3.8
ORD10823,2025-06-04,Apple,iPhone 15,Flagship,128GB,6GB,Male,19,Delhi,North,1,69900,0,69900.0,51000,18900.0,UPI,4.5
ORD10824,2025-04-18,Motorola,Motorola Edge 50,Mid Range,256GB,8GB,Female,52,Chandigarh,North,2,27999,15,47598.3,40000,7598.3,Cash,3.5
ORD10825,2025-03-17,Motorola,Moto G85,Budget,128GB,8GB,Female,46,Mumbai,West,1,17999,5,17099.05,12500,4599.05,UPI,4.9
ORD10826,2025-08-19,Xiaomi,Xiaomi 14,Flagship,512GB,12GB,Male,43,Chennai,South,2,69999,20,111998.4,102000,9998.4,UPI,3.3
ORD10827,2025-11-19,Realme,Realme 12 Pro,Mid Range,256GB,8GB,Male,53,Guwahati,East,3,29999,10,80997.3,64500,16497.3,Cash,5.0
ORD10828,2025-07-24,Motorola,Moto G85,Budget,128GB,8GB,Female,19,Chandigarh,North,2,17999,10,32398.2,25000,7398.2,Net Banking,4.0
ORD10829,2025-02-02,Vivo,Vivo Y200,Budget,128GB,8GB,Other,49,Bhubaneswar,East,4,21999,0,87996.0,62000,25996.0,Debit Card,4.3
ORD10830,2025-08-18,Realme,Realme GT 6,Flagship,256GB,12GB,Male,48,Jaipur,North,1,40999,5,38949.05,30000,8949.05,Net Banking,3.8
ORD10831,2025-04-23,Oppo,Oppo A3x,Budget,128GB,6GB,Other,42,Patna,East,1,15999,5,15199.05,11500,3699.05,Debit Card,4.9
ORD10832,2025-08-30,OnePlus,OnePlus Nord CE 4,Budget,128GB,8GB,Male,23,Lucknow,North,1,24999,15,21249.15,18000,3249.15,Credit Card,4.4
ORD10833,2025-04-13,OnePlus,OnePlus Nord CE 4,Budget,128GB,8GB,Male,49,Guwahati,East,1,24999,10,22499.1,18000,4499.1,Net Banking,3.7
ORD10834,2025-01-25,Samsung,Galaxy A35,Mid Range,128GB,8GB,Other,29,Bengaluru,South,1,34999,5,33249.05,26000,7249.05,UPI,4.7
ORD10835,2025-02-02,Oppo,Oppo F25 Pro,Mid Range,128GB,8GB,Female,53,Surat,West,2,25999,0,51998.0,37000,14998.0,Debit Card,3.6
ORD10836,2025-07-01,Samsung,Galaxy A35,Mid Range,128GB,8GB,Male,50,Delhi,North,3,34999,20,83997.6,78000,5997.6,UPI,4.3
ORD10837,2025-08-13,Motorola,Motorola Edge 50,Mid Range,256GB,8GB,Male,24,Surat,West,3,27999,10,75597.3,60000,15597.3,Net Banking,4.7
ORD10838,2025-02-23,OnePlus,OnePlus Nord CE 4,Budget,128GB,8GB,Other,28,Surat,West,3,24999,5,71247.15,54000,17247.15,Cash,4.5
ORD10839,2025-09-17,Motorola,Motorola Edge 50,Mid Range,256GB,8GB,Male,26,Delhi,North,2,27999,5,53198.1,40000,13198.1,Cash,3.4
ORD10840,2025-08-01,Samsung,Galaxy A55,Mid Range,128GB,8GB,Female,28,Guwahati,East,1,44999,10,40499.1,33000,7499.1,Cash,3.4
ORD10841,2025-07-04,Xiaomi,Xiaomi 14,Flagship,512GB,12GB,Female,45,Bhubaneswar,East,3,69999,5,199497.15,153000,46497.15,Cash,3.9
ORD10842,2025-09-22,Oppo,Oppo Reno 11,Mid Range,256GB,8GB,Male,51,Patna,East,1,32999,0,32999.0,24000,8999.0,Debit Card,4.9
ORD10843,2025-06-11,Realme,Realme GT 6,Flagship,256GB,12GB,Other,20,Bhubaneswar,East,1,40999,20,32799.2,30000,2799.2,Credit Card,4.4
ORD10844,2025-10-22,Samsung,Galaxy A35,Mid Range,128GB,8GB,Other,53,Bhubaneswar,East,1,34999,15,29749.15,26000,3749.15,Debit Card,4.8
ORD10845,2025-06-26,Samsung,Galaxy A35,Mid Range,128GB,8GB,Other,59,Delhi,North,2,34999,10,62998.2,52000,10998.2,Net Banking,3.6
ORD10846,2025-11-13,Motorola,Moto G85,Budget,128GB,8GB,Female,23,Kolkata,East,3,17999,5,51297.15,37500,13797.15,Cash,3.3
ORD10847,2025-03-06,Vivo,Vivo V30,Mid Range,256GB,8GB,Other,51,Ahmedabad,West,2,33999,5,64598.1,49000,15598.1,Credit Card,3.8
ORD10848,2025-01-12,Samsung,Galaxy A35,Mid Range,128GB,8GB,Male,45,Chandigarh,North,3,34999,5,99747.15,78000,21747.15,UPI,5.0
ORD10849,2025-07-10,Vivo,Vivo Y200,Budget,128GB,8GB,Female,59,Kochi,South,1,21999,20,17599.2,15500,2099.2,Debit Card,4.9
ORD10850,2025-10-21,Samsung,Galaxy M35,Budget,128GB,6GB,Other,55,Hyderabad,South,5,19999,20,79996.0,72500,7496.0,Net Banking,4.2
ORD10851,2025-11-01,Xiaomi,Redmi Note 13 Pro,Mid Range,256GB,8GB,Other,54,Chennai,South,1,29999,20,23999.2,21500,2499.2,Cash,4.4
ORD10852,2025-09-24,Xiaomi,Xiaomi 14,Flagship,512GB,12GB,Male,41,Hyderabad,South,2,69999,5,132998.1,102000,30998.1,Cash,4.0
ORD10853,2025-07-30,Apple,iPhone 15,Flagship,128GB,6GB,Male,48,Pune,West,2,69900,5,132810.0,102000,30810.0,Debit Card,3.6
ORD10854,2025-12-13,Realme,Realme Narzo 70,Budget,128GB,8GB,Female,49,Kolkata,East,3,15999,10,43197.3,33000,10197.3,Cash,4.3
ORD10855,2025-08-02,OnePlus,OnePlus 12,Flagship,256GB,12GB,Other,26,Delhi,North,2,64999,10,116998.2,96000,20998.2,Net Banking,4.9
ORD10856,2025-03-02,Xiaomi,Redmi Note 13 Pro,Mid Range,256GB,8GB,Male,53,Guwahati,East,1,29999,5,28499.05,21500,6999.05,Net Banking,3.9
ORD10857,2025-07-29,Apple,iPhone 15,Flagship,128GB,6GB,Female,51,Kochi,South,2,69900,0,139800.0,102000,37800.0,Debit Card,3.5
ORD10858,2025-07-11,Vivo,Vivo V40,Mid Range,256GB,8GB,Female,27,Guwahati,East,1,34999,5,33249.05,25000,8249.05,UPI,4.6
ORD10859,2025-06-06,Vivo,Vivo V30,Mid Range,256GB,8GB,Female,18,Jaipur,North,3,33999,10,91797.3,73500,18297.3,UPI,3.4
ORD10860,2025-01-23,Realme,Realme 12 Pro,Mid Range,256GB,8GB,Other,42,Chennai,South,2,29999,5,56998.1,43000,13998.1,Net Banking,4.1
ORD10861,2025-03-09,OnePlus,OnePlus Nord CE 4,Budget,128GB,8GB,Other,46,Patna,East,3,24999,15,63747.45,54000,9747.45,Debit Card,3.5
ORD10862,2025-02-15,Realme,Realme 12 Pro,Mid Range,256GB,8GB,Other,52,Chandigarh,North,4,29999,5,113996.2,86000,27996.2,Cash,3.3
ORD10863,2025-05-23,Apple,iPhone 15,Flagship,128GB,6GB,Male,37,Mumbai,West,2,69900,20,111840.0,102000,9840.0,Net Banking,4.2
ORD10864,2025-02-13,Xiaomi,Redmi 13C,Budget,128GB,6GB,Other,30,Pune,West,4,11999,10,43196.4,34000,9196.4,UPI,4.6
ORD10865,2025-03-03,OnePlus,OnePlus 12,Flagship,256GB,12GB,Other,55,Bengaluru,South,3,64999,5,185247.15,144000,41247.15,Net Banking,4.0
ORD10866,2025-06-14,Realme,Realme Narzo 70,Budget,128GB,8GB,Female,39,Pune,West,2,15999,0,31998.0,22000,9998.0,UPI,4.0
ORD10867,2025-09-28,Oppo,Oppo F25 Pro,Mid Range,128GB,8GB,Male,52,Bengaluru,South,1,25999,0,25999.0,18500,7499.0,Credit Card,3.5
ORD10868,2025-05-11,Apple,iPhone 15,Flagship,128GB,6GB,Female,28,Chennai,South,4,69900,15,237660.0,204000,33660.0,Credit Card,3.3
ORD10869,2025-01-14,Samsung,Galaxy A35,Mid Range,128GB,8GB,Female,44,Kolkata,East,1,34999,5,33249.05,26000,7249.05,Cash,4.8
ORD10870,2025-03-03,Samsung,Galaxy A55,Mid Range,128GB,8GB,Other,33,Chandigarh,North,3,44999,10,121497.3,99000,22497.3,Cash,4.1
ORD10871,2025-02-28,Vivo,Vivo V30,Mid Range,256GB,8GB,Female,22,Hyderabad,South,2,33999,10,61198.2,49000,12198.2,Credit Card,4.1
ORD10872,2025-01-10,Vivo,Vivo Y200,Budget,128GB,8GB,Female,59,Surat,West,1,21999,10,19799.1,15500,4299.1,Net Banking,4.6
ORD10873,2025-07-28,Motorola,Motorola Edge 50,Mid Range,256GB,8GB,Male,41,Lucknow,North,3,27999,5,79797.15,60000,19797.15,Credit Card,4.2
ORD10874,2025-10-03,Realme,Realme Narzo 70,Budget,128GB,8GB,Other,47,Patna,East,1,15999,20,12799.2,11000,1799.2,Debit Card,4.9
ORD10875,2025-12-01,OnePlus,OnePlus 12,Flagship,256GB,12GB,Other,35,Pune,West,4,64999,10,233996.4,192000,41996.4,Cash,4.3
ORD10876,2025-06-29,Xiaomi,Redmi 13C,Budget,128GB,6GB,Female,52,Chennai,South,1,11999,15,10199.15,8500,1699.15,UPI,4.2
ORD10877,2025-07-22,Apple,iPhone 15,Flagship,128GB,6GB,Female,57,Bengaluru,South,3,69900,5,199215.0,153000,46215.0,Debit Card,4.1
ORD10878,2025-11-22,Vivo,Vivo Y200,Budget,128GB,8GB,Female,38,Patna,East,1,21999,15,18699.15,15500,3199.15,Net Banking,3.8
ORD10879,2025-06-18,Samsung,Galaxy A55,Mid Range,128GB,8GB,Female,18,Mumbai,West,2,44999,0,89998.0,66000,23998.0,Net Banking,4.4
ORD10880,2025-12-23,Motorola,Moto G85,Budget,128GB,8GB,Male,59,Ahmedabad,West,3,17999,15,45897.45,37500,8397.45,Cash,3.3
ORD10881,2025-12-11,Apple,iPhone 15 Pro,Premium,256GB,8GB,Other,42,Kolkata,East,3,119900,5,341715.0,267000,74715.0,UPI,3.5
ORD10882,2025-03-05,Motorola,Moto G85,Budget,128GB,8GB,Other,19,Lucknow,North,2,17999,5,34198.1,25000,9198.1,Debit Card,4.6
ORD10883,2025-04-09,Apple,iPhone 14,Flagship,128GB,6GB,Female,32,Chennai,South,3,59900,5,170715.0,132000,38715.0,UPI,5.0
ORD10884,2025-05-24,Motorola,Motorola Edge 50,Mid Range,256GB,8GB,Female,58,Mumbai,West,1,27999,20,22399.2,20000,2399.2,Net Banking,3.9
ORD10885,2025-09-14,Motorola,Motorola Edge 50,Mid Range,256GB,8GB,Male,56,Lucknow,North,2,27999,10,50398.2,40000,10398.2,Net Banking,4.2
ORD10886,2025-03-07,Apple,iPhone 15,Flagship,128GB,6GB,Other,32,Bengaluru,South,4,69900,20,223680.0,204000,19680.0,Debit Card,4.8
ORD10887,2025-04-09,Samsung,Galaxy A35,Mid Range,128GB,8GB,Other,59,Patna,East,1,34999,10,31499.1,26000,5499.1,UPI,4.4
ORD10888,2025-06-15,Realme,Realme 12 Pro,Mid Range,256GB,8GB,Other,47,Bengaluru,South,1,29999,10,26999.1,21500,5499.1,UPI,4.1
ORD10889,2025-04-25,Samsung,Galaxy A35,Mid Range,128GB,8GB,Female,18,Bhubaneswar,East,2,34999,5,66498.1,52000,14498.1,UPI,3.9
ORD10890,2025-10-20,Samsung,Galaxy A55,Mid Range,128GB,8GB,Female,30,Bhubaneswar,East,4,44999,5,170996.2,132000,38996.2,UPI,3.5
ORD10891,2025-11-17,Apple,iPhone 15,Flagship,128GB,6GB,Female,55,Guwahati,East,2,69900,0,139800.0,102000,37800.0,Debit Card,4.6
ORD10892,2025-05-07,Apple,iPhone 15 Pro,Premium,256GB,8GB,Other,21,Chandigarh,North,4,119900,20,383680.0,356000,27680.0,Credit Card,4.7
ORD10893,2025-02-07,Motorola,Motorola Edge 50,Mid Range,256GB,8GB,Female,21,Patna,East,2,27999,0,55998.0,40000,15998.0,Debit Card,4.9
ORD10894,2025-12-22,Apple,iPhone 15,Flagship,128GB,6GB,Other,21,Pune,West,4,69900,10,251640.0,204000,47640.0,Cash,3.7
ORD10895,2025-02-03,Apple,iPhone 14,Flagship,128GB,6GB,Other,42,Pune,West,2,59900,5,113810.0,88000,25810.0,Cash,3.9
ORD10896,2025-04-30,Samsung,Galaxy M35,Budget,128GB,6GB,Female,57,Kolkata,East,2,19999,10,35998.2,29000,6998.2,UPI,4.3
ORD10897,2025-08-21,Oppo,Oppo A3x,Budget,128GB,6GB,Other,56,Lucknow,North,1,15999,0,15999.0,11500,4499.0,Credit Card,4.5
ORD10898,2025-10-21,OnePlus,OnePlus Nord CE 4,Budget,128GB,8GB,Male,57,Bengaluru,South,1,24999,10,22499.1,18000,4499.1,Credit Card,4.0
ORD10899,2025-01-23,Samsung,Galaxy A55,Mid Range,128GB,8GB,Female,59,Chennai,South,2,44999,10,80998.2,66000,14998.2,Net Banking,4.6
ORD10900,2025-10-05,OnePlus,OnePlus 12,Flagship,256GB,12GB,Male,36,Guwahati,East,1,64999,5,61749.05,48000,13749.05,Net Banking,3.9
ORD10901,2025-10-28,OnePlus,OnePlus 12,Flagship,256GB,12GB,Female,53,Chandigarh,North,2,64999,20,103998.4,96000,7998.4,Debit Card,4.7
ORD10902,2025-04-11,Xiaomi,Redmi 13C,Budget,128GB,6GB,Other,30,Lucknow,North,3,11999,5,34197.15,25500,8697.15,Cash,4.4
ORD10903,2025-11-04,Oppo,Oppo A3x,Budget,128GB,6GB,Female,39,Hyderabad,South,2,15999,10,28798.2,23000,5798.2,UPI,3.5
ORD10904,2025-09-11,Xiaomi,Xiaomi 14,Flagship,512GB,12GB,Female,57,Chandigarh,North,2,69999,10,125998.2,102000,23998.2,Debit Card,3.6
ORD10905,2025-07-12,Xiaomi,Redmi Note 13 Pro,Mid Range,256GB,8GB,Female,41,Jaipur,North,3,29999,0,89997.0,64500,25497.0,UPI,3.2
ORD10906,2025-10-12,Apple,iPhone 15,Flagship,128GB,6GB,Female,55,Chennai,South,2,69900,15,118830.0,102000,16830.0,UPI,4.8
ORD10907,2025-01-16,Xiaomi,Xiaomi 14,Flagship,512GB,12GB,Other,29,Chennai,South,1,69999,5,66499.05,51000,15499.05,Credit Card,3.8
ORD10908,2025-04-02,Xiaomi,Xiaomi 14,Flagship,512GB,12GB,Male,19,Jaipur,North,3,69999,0,209997.0,153000,56997.0,Cash,4.7
ORD10909,2025-12-02,Apple,iPhone 15 Pro,Premium,256GB,8GB,Other,41,Lucknow,North,1,119900,5,113905.0,89000,24905.0,Credit Card,4.7
ORD10910,2025-09-27,Realme,Realme Narzo 70,Budget,128GB,8GB,Female,30,Ahmedabad,West,1,15999,5,15199.05,11000,4199.05,Debit Card,3.5
ORD10911,2025-06-12,Realme,Realme Narzo 70,Budget,128GB,8GB,Other,57,Chandigarh,North,4,15999,20,51196.8,44000,7196.8,Debit Card,4.3
ORD10912,2025-03-18,Oppo,Oppo Reno 11,Mid Range,256GB,8GB,Other,26,Pune,West,2,32999,5,62698.1,48000,14698.1,Cash,4.7
ORD10913,2025-04-18,Apple,iPhone 15 Pro,Premium,256GB,8GB,Female,59,Ahmedabad,West,1,119900,10,107910.0,89000,18910.0,Cash,4.6
ORD10914,2025-09-23,Motorola,Motorola Edge 50,Mid Range,256GB,8GB,Female,48,Hyderabad,South,2,27999,10,50398.2,40000,10398.2,Cash,4.5
ORD10915,2025-05-18,Realme,Realme Narzo 70,Budget,128GB,8GB,Female,46,Pune,West,1,15999,5,15199.05,11000,4199.05,Credit Card,4.8
ORD10916,2025-06-06,Realme,Realme 12 Pro,Mid Range,256GB,8GB,Male,34,Jaipur,North,4,29999,5,113996.2,86000,27996.2,UPI,4.2
ORD10917,2025-06-01,Motorola,Moto G85,Budget,128GB,8GB,Female,50,Chandigarh,North,2,17999,10,32398.2,25000,7398.2,Cash,4.3
ORD10918,2025-08-28,Realme,Realme 12 Pro,Mid Range,256GB,8GB,Male,35,Kochi,South,3,29999,5,85497.15,64500,20997.15,Cash,3.9
ORD10919,2025-04-30,Vivo,Vivo Y200,Budget,128GB,8GB,Other,36,Ahmedabad,West,1,21999,0,21999.0,15500,6499.0,Net Banking,4.7
ORD10920,2025-11-26,Apple,iPhone 15 Pro,Premium,256GB,8GB,Male,41,Chandigarh,North,1,119900,0,119900.0,89000,30900.0,Debit Card,3.3
ORD10921,2025-04-11,Oppo,Oppo F25 Pro,Mid Range,128GB,8GB,Other,35,Chennai,South,3,25999,20,62397.6,55500,6897.6,Credit Card,3.5
ORD10922,2025-10-06,Vivo,Vivo V30,Mid Range,256GB,8GB,Other,43,Chennai,South,1,33999,5,32299.05,24500,7799.05,UPI,4.9
ORD10923,2025-08-30,OnePlus,OnePlus 12R,Mid Range,256GB,8GB,Other,31,Chandigarh,North,1,42999,15,36549.15,31500,5049.15,Net Banking,4.1
ORD10924,2025-10-10,Motorola,Moto G85,Budget,128GB,8GB,Other,30,Hyderabad,South,3,17999,5,51297.15,37500,13797.15,Cash,4.0
ORD10925,2025-04-18,Motorola,Moto G85,Budget,128GB,8GB,Other,26,Mumbai,West,1,17999,10,16199.1,12500,3699.1,UPI,3.8
ORD10926,2025-09-13,Oppo,Oppo F25 Pro,Mid Range,128GB,8GB,Other,43,Chandigarh,North,1,25999,15,22099.15,18500,3599.15,Net Banking,4.6
ORD10927,2025-06-03,Oppo,Oppo A3x,Budget,128GB,6GB,Female,26,Mumbai,West,2,15999,0,31998.0,23000,8998.0,Net Banking,3.5
ORD10928,2025-11-19,Realme,Realme 12 Pro,Mid Range,256GB,8GB,Female,52,Lucknow,North,4,29999,0,119996.0,86000,33996.0,UPI,3.9
ORD10929,2025-06-18,Motorola,Moto G85,Budget,128GB,8GB,Other,53,Ahmedabad,West,1,17999,15,15299.15,12500,2799.15,Net Banking,3.5
ORD10930,2025-09-08,Samsung,Galaxy A55,Mid Range,128GB,8GB,Female,36,Lucknow,North,1,44999,10,40499.1,33000,7499.1,Net Banking,3.6
ORD10931,2025-02-05,Motorola,Motorola Edge 50,Mid Range,256GB,8GB,Female,38,Kochi,South,2,27999,5,53198.1,40000,13198.1,Cash,4.7
ORD10932,2025-03-22,Apple,iPhone 15,Flagship,128GB,6GB,Male,42,Bhubaneswar,East,2,69900,0,139800.0,102000,37800.0,Credit Card,4.9
ORD10933,2025-04-16,Vivo,Vivo V40,Mid Range,256GB,8GB,Other,37,Guwahati,East,1,34999,10,31499.1,25000,6499.1,Cash,4.3
ORD10934,2025-05-22,Xiaomi,Xiaomi 14,Flagship,512GB,12GB,Male,43,Delhi,North,2,69999,20,111998.4,102000,9998.4,Net Banking,4.3
ORD10935,2025-06-18,Motorola,Moto G85,Budget,128GB,8GB,Female,23,Patna,East,2,17999,15,30598.3,25000,5598.3,Debit Card,3.7
ORD10936,2025-12-25,Vivo,Vivo V40,Mid Range,256GB,8GB,Female,57,Jaipur,North,1,34999,5,33249.05,25000,8249.05,Cash,4.5
ORD10937,2025-12-04,OnePlus,OnePlus Nord CE 4,Budget,128GB,8GB,Male,33,Surat,West,1,24999,0,24999.0,18000,6999.0,Debit Card,4.8
ORD10938,2025-11-18,Vivo,Vivo Y200,Budget,128GB,8GB,Female,31,Ahmedabad,West,2,21999,15,37398.3,31000,6398.3,Net Banking,4.8
ORD10939,2025-03-04,Oppo,Oppo Reno 11,Mid Range,256GB,8GB,Male,38,Surat,West,2,32999,20,52798.4,48000,4798.4,Debit Card,3.9
ORD10940,2025-04-17,Samsung,Galaxy M35,Budget,128GB,6GB,Other,47,Mumbai,West,1,19999,15,16999.15,14500,2499.15,Cash,3.9
ORD10941,2025-04-10,Realme,Realme GT 6,Flagship,256GB,12GB,Other,26,Mumbai,West,1,40999,15,34849.15,30000,4849.15,Cash,3.8
ORD10942,2025-09-06,Motorola,Motorola Edge 50,Mid Range,256GB,8GB,Female,46,Ahmedabad,West,2,27999,5,53198.1,40000,13198.1,Credit Card,3.5
ORD10943,2025-03-29,Samsung,Galaxy S24,Flagship,256GB,8GB,Other,43,Jaipur,North,1,69999,10,62999.1,52000,10999.1,UPI,3.5
ORD10944,2025-12-13,Vivo,Vivo V30,Mid Range,256GB,8GB,Other,20,Patna,East,1,33999,5,32299.05,24500,7799.05,Credit Card,4.8
ORD10945,2025-08-15,Samsung,Galaxy S24,Flagship,256GB,8GB,Male,21,Kolkata,East,2,69999,10,125998.2,104000,21998.2,Cash,4.3
ORD10946,2025-04-14,Xiaomi,Redmi Note 13 Pro,Mid Range,256GB,8GB,Male,44,Chandigarh,North,1,29999,0,29999.0,21500,8499.0,Debit Card,3.3
ORD10947,2025-04-09,Apple,iPhone 15,Flagship,128GB,6GB,Male,60,Surat,West,3,69900,20,167760.0,153000,14760.0,UPI,3.5
ORD10948,2025-08-01,Apple,iPhone 15 Pro,Premium,256GB,8GB,Other,57,Hyderabad,South,2,119900,5,227810.0,178000,49810.0,Cash,3.6
ORD10949,2025-08-08,Apple,iPhone 15,Flagship,128GB,6GB,Other,29,Lucknow,North,1,69900,5,66405.0,51000,15405.0,Debit Card,3.2
ORD10950,2025-01-07,Realme,Realme GT 6,Flagship,256GB,12GB,Female,35,Patna,East,1,40999,15,34849.15,30000,4849.15,UPI,4.4
ORD10951,2025-02-04,Xiaomi,Redmi Note 13 Pro,Mid Range,256GB,8GB,Other,24,Chennai,South,3,29999,10,80997.3,64500,16497.3,Credit Card,4.5
ORD10952,2025-05-09,Apple,iPhone 14,Flagship,128GB,6GB,Other,42,Hyderabad,South,5,59900,15,254575.0,220000,34575.0,Credit Card,4.4
ORD10953,2025-06-20,OnePlus,OnePlus Nord CE 4,Budget,128GB,8GB,Male,48,Hyderabad,South,5,24999,15,106245.75,90000,16245.75,Net Banking,3.3
ORD10954,2025-10-27,Motorola,Moto G85,Budget,128GB,8GB,Other,18,Chandigarh,North,2,17999,15,30598.3,25000,5598.3,UPI,3.6
ORD10955,2025-06-08,Xiaomi,Redmi 13C,Budget,128GB,6GB,Female,23,Bhubaneswar,East,3,11999,10,32397.3,25500,6897.3,Cash,3.3
ORD10956,2025-06-01,Xiaomi,Xiaomi 14,Flagship,512GB,12GB,Other,33,Kolkata,East,1,69999,0,69999.0,51000,18999.0,Cash,4.9
ORD10957,2025-06-18,OnePlus,OnePlus 12R,Mid Range,256GB,8GB,Female,20,Hyderabad,South,2,42999,20,68798.4,63000,5798.4,Debit Card,4.1
ORD10958,2025-01-13,Xiaomi,Redmi 13C,Budget,128GB,6GB,Other,52,Hyderabad,South,1,11999,5,11399.05,8500,2899.05,Credit Card,3.3
ORD10959,2025-12-18,Xiaomi,Redmi 13C,Budget,128GB,6GB,Male,46,Kolkata,East,2,11999,5,22798.1,17000,5798.1,Cash,4.3
ORD10960,2025-02-05,Xiaomi,Xiaomi 14,Flagship,512GB,12GB,Other,23,Delhi,North,4,69999,5,265996.2,204000,61996.2,Credit Card,3.5
ORD10961,2025-05-01,Apple,iPhone 15 Pro,Premium,256GB,8GB,Male,30,Patna,East,1,119900,15,101915.0,89000,12915.0,Net Banking,3.6
ORD10962,2025-05-08,Vivo,Vivo V40,Mid Range,256GB,8GB,Female,35,Patna,East,5,34999,5,166245.25,125000,41245.25,UPI,4.8
ORD10963,2025-07-04,Realme,Realme 12 Pro,Mid Range,256GB,8GB,Female,50,Jaipur,North,2,29999,10,53998.2,43000,10998.2,Credit Card,4.3
ORD10964,2025-09-04,Samsung,Galaxy M35,Budget,128GB,6GB,Male,37,Bhubaneswar,East,3,19999,20,47997.6,43500,4497.6,Net Banking,4.3
ORD10965,2025-03-31,Vivo,Vivo V40,Mid Range,256GB,8GB,Female,42,Patna,East,1,34999,5,33249.05,25000,8249.05,UPI,4.2
ORD10966,2025-06-20,OnePlus,OnePlus Nord CE 4,Budget,128GB,8GB,Other,18,Guwahati,East,1,24999,5,23749.05,18000,5749.05,Debit Card,3.2
ORD10967,2025-09-09,Realme,Realme 12 Pro,Mid Range,256GB,8GB,Other,42,Kolkata,East,5,29999,5,142495.25,107500,34995.25,Net Banking,4.1
ORD10968,2025-02-06,Realme,Realme GT 6,Flagship,256GB,12GB,Female,28,Surat,West,1,40999,10,36899.1,30000,6899.1,Debit Card,3.5
ORD10969,2025-06-28,Motorola,Moto G85,Budget,128GB,8GB,Male,33,Pune,West,2,17999,10,32398.2,25000,7398.2,Debit Card,3.6
ORD10970,2025-11-20,Samsung,Galaxy A55,Mid Range,128GB,8GB,Other,27,Bengaluru,South,2,44999,15,76498.3,66000,10498.3,Net Banking,3.7
ORD10971,2025-12-06,OnePlus,OnePlus 12,Flagship,256GB,12GB,Other,42,Surat,West,3,64999,15,165747.45,144000,21747.45,UPI,3.9
ORD10972,2025-09-23,Xiaomi,Redmi Note 13 Pro,Mid Range,256GB,8GB,Other,37,Jaipur,North,3,29999,5,85497.15,64500,20997.15,Cash,4.1
ORD10973,2025-10-28,Vivo,Vivo Y200,Budget,128GB,8GB,Other,23,Bhubaneswar,East,3,21999,15,56097.45,46500,9597.45,Debit Card,3.4
ORD10974,2025-03-15,Vivo,Vivo Y200,Budget,128GB,8GB,Male,37,Lucknow,North,4,21999,10,79196.4,62000,17196.4,Cash,3.2
ORD10975,2025-01-01,Apple,iPhone 15,Flagship,128GB,6GB,Male,36,Bhubaneswar,East,2,69900,15,118830.0,102000,16830.0,Credit Card,4.5
ORD10976,2025-07-11,OnePlus,OnePlus Nord CE 4,Budget,128GB,8GB,Female,50,Delhi,North,1,24999,5,23749.05,18000,5749.05,Net Banking,4.9
ORD10977,2025-04-19,OnePlus,OnePlus 12,Flagship,256GB,12GB,Female,30,Pune,West,3,64999,20,155997.6,144000,11997.6,Cash,3.7
ORD10978,2025-11-17,Apple,iPhone 14,Flagship,128GB,6GB,Male,42,Jaipur,North,1,59900,0,59900.0,44000,15900.0,Debit Card,3.4
ORD10979,2025-01-16,Xiaomi,Redmi Note 13 Pro,Mid Range,256GB,8GB,Male,18,Guwahati,East,2,29999,0,59998.0,43000,16998.0,Net Banking,3.3
ORD10980,2025-01-22,Apple,iPhone 15,Flagship,128GB,6GB,Female,35,Mumbai,West,1,69900,10,62910.0,51000,11910.0,Debit Card,4.9
ORD10981,2025-11-06,Realme,Realme 12 Pro,Mid Range,256GB,8GB,Female,38,Kochi,South,2,29999,5,56998.1,43000,13998.1,Cash,4.7
ORD10982,2025-07-13,Samsung,Galaxy A35,Mid Range,128GB,8GB,Female,47,Hyderabad,South,3,34999,0,104997.0,78000,26997.0,Credit Card,4.8
ORD10983,2025-01-14,Apple,iPhone 14,Flagship,128GB,6GB,Other,33,Bengaluru,South,4,59900,20,191680.0,176000,15680.0,Cash,3.9
ORD10984,2025-09-21,Realme,Realme Narzo 70,Budget,128GB,8GB,Female,38,Lucknow,North,1,15999,15,13599.15,11000,2599.15,UPI,3.2
ORD10985,2025-06-16,Motorola,Motorola Edge 50,Mid Range,256GB,8GB,Female,23,Guwahati,East,1,27999,10,25199.1,20000,5199.1,UPI,3.8
ORD10986,2025-07-17,Vivo,Vivo Y200,Budget,128GB,8GB,Other,51,Lucknow,North,2,21999,20,35198.4,31000,4198.4,Net Banking,4.8
ORD10987,2025-01-17,OnePlus,OnePlus 12R,Mid Range,256GB,8GB,Female,53,Ahmedabad,West,1,42999,15,36549.15,31500,5049.15,Credit Card,5.0
ORD10988,2025-08-17,Apple,iPhone 15 Pro,Premium,256GB,8GB,Male,60,Chandigarh,North,1,119900,5,113905.0,89000,24905.0,Cash,4.5
ORD10989,2025-01-15,OnePlus,OnePlus 12R,Mid Range,256GB,8GB,Other,34,Kolkata,East,3,42999,5,122547.15,94500,28047.15,UPI,4.4
ORD10990,2025-12-07,OnePlus,OnePlus Nord CE 4,Budget,128GB,8GB,Other,39,Guwahati,East,1,24999,15,21249.15,18000,3249.15,Net Banking,4.8
ORD10991,2025-02-03,Oppo,Oppo F25 Pro,Mid Range,128GB,8GB,Female,53,Kolkata,East,2,25999,20,41598.4,37000,4598.4,Credit Card,4.9
ORD10992,2025-04-25,Vivo,Vivo V30,Mid Range,256GB,8GB,Male,39,Chennai,South,1,33999,0,33999.0,24500,9499.0,UPI,4.5
ORD10993,2025-10-21,Oppo,Oppo Reno 11,Mid Range,256GB,8GB,Other,18,Hyderabad,South,4,32999,10,118796.4,96000,22796.4,Net Banking,3.8
ORD10994,2025-04-08,Realme,Realme 12 Pro,Mid Range,256GB,8GB,Other,26,Hyderabad,South,3,29999,20,71997.6,64500,7497.6,Net Banking,4.1
ORD10995,2025-04-24,Apple,iPhone 15 Pro,Premium,256GB,8GB,Female,38,Mumbai,West,2,119900,10,215820.0,178000,37820.0,Credit Card,3.5
ORD10996,2025-09-13,Motorola,Motorola Edge 50,Mid Range,256GB,8GB,Female,20,Chennai,South,1,27999,15,23799.15,20000,3799.15,Net Banking,4.3
ORD10997,2025-12-19,Apple,iPhone 15 Pro,Premium,256GB,8GB,Female,49,Guwahati,East,2,119900,5,227810.0,178000,49810.0,UPI,3.7
ORD10998,2025-06-20,OnePlus,OnePlus Nord CE 4,Budget,128GB,8GB,Male,32,Lucknow,North,3,24999,20,59997.6,54000,5997.6,Credit Card,4.5
ORD10999,2025-09-07,Realme,Realme 12 Pro,Mid Range,256GB,8GB,Other,43,Jaipur,North,5,29999,10,134995.5,107500,27495.5,Cash,3.8
ORD11000,2025-06-28,Realme,Realme 12 Pro,Mid Range,256GB,8GB,Male,36,Ahmedabad,West,2,29999,5,56998.1,43000,13998.1,Net Banking,4.5
